-- MySQL dump 10.13  Distrib 5.5.28, for osx10.6 (i386)
--
-- Host: localhost    Database: spinworkouts_development
-- ------------------------------------------------------
-- Server version	5.5.28-log

/*!40101 SET @OLD_CHARACTER_SET_CLIENT=@@CHARACTER_SET_CLIENT */;
/*!40101 SET @OLD_CHARACTER_SET_RESULTS=@@CHARACTER_SET_RESULTS */;
/*!40101 SET @OLD_COLLATION_CONNECTION=@@COLLATION_CONNECTION */;
/*!40101 SET NAMES utf8 */;
/*!40103 SET @OLD_TIME_ZONE=@@TIME_ZONE */;
/*!40103 SET TIME_ZONE='+00:00' */;
/*!40014 SET @OLD_UNIQUE_CHECKS=@@UNIQUE_CHECKS, UNIQUE_CHECKS=0 */;
/*!40014 SET @OLD_FOREIGN_KEY_CHECKS=@@FOREIGN_KEY_CHECKS, FOREIGN_KEY_CHECKS=0 */;
/*!40101 SET @OLD_SQL_MODE=@@SQL_MODE, SQL_MODE='NO_AUTO_VALUE_ON_ZERO' */;
/*!40111 SET @OLD_SQL_NOTES=@@SQL_NOTES, SQL_NOTES=0 */;

--
-- Table structure for table `comments`
--

DROP TABLE IF EXISTS `comments`;
/*!40101 SET @saved_cs_client     = @@character_set_client */;
/*!40101 SET character_set_client = utf8 */;
CREATE TABLE `comments` (
  `id` int(11) NOT NULL AUTO_INCREMENT,
  `commenter` varchar(255) DEFAULT NULL,
  `body` text,
  `workout_id` int(11) DEFAULT NULL,
  `created_at` datetime DEFAULT NULL,
  `updated_at` datetime DEFAULT NULL,
  PRIMARY KEY (`id`)
) ENGINE=InnoDB DEFAULT CHARSET=latin1;
/*!40101 SET character_set_client = @saved_cs_client */;

--
-- Dumping data for table `comments`
--

LOCK TABLES `comments` WRITE;
/*!40000 ALTER TABLE `comments` DISABLE KEYS */;
/*!40000 ALTER TABLE `comments` ENABLE KEYS */;
UNLOCK TABLES;

--
-- Table structure for table `identities`
--

DROP TABLE IF EXISTS `identities`;
/*!40101 SET @saved_cs_client     = @@character_set_client */;
/*!40101 SET character_set_client = utf8 */;
CREATE TABLE `identities` (
  `id` int(11) NOT NULL AUTO_INCREMENT,
  `name` varchar(255) DEFAULT NULL,
  `email` varchar(255) DEFAULT NULL,
  `password_digest` varchar(255) DEFAULT NULL,
  `created_at` datetime DEFAULT NULL,
  `updated_at` datetime DEFAULT NULL,
  PRIMARY KEY (`id`)
) ENGINE=InnoDB AUTO_INCREMENT=16 DEFAULT CHARSET=latin1;
/*!40101 SET character_set_client = @saved_cs_client */;

--
-- Dumping data for table `identities`
--

LOCK TABLES `identities` WRITE;
/*!40000 ALTER TABLE `identities` DISABLE KEYS */;
INSERT INTO `identities` VALUES (1,'xraiff','steve.raiff@gmail.com','$2a$10$fPesiyC7Jx3lYcaPijUiW.oybxlWrXQknCiM.Ofe65CRD30PAygMS','2013-05-26 14:43:14','2013-05-26 14:43:14'),(2,'superdad','super.dad@gmail.com','$2a$10$HwsqYwxJl2F9x92AdLI/NuX7iJHabqkqrzPDIHAGdxtRw2v09N4TS','2013-06-13 13:39:03','2013-06-13 13:39:03'),(3,'bob smith','fred@sljaflkjsd.com','$2a$10$Ki8BfnJYRCGF95TUYuIdPeEBaP62atr/UEY6ZLW8C.hwn/cEeCxzi','2013-06-22 12:21:27','2013-06-22 12:21:27'),(4,'aklajsdflkjad','sldkfjalkjsdf@alksjfld.com','$2a$10$ZwXmAdSXt0ybuHJ/DhGy1.D9lTKspAmk5VcrzgWtXMyjZGddf1mYK','2013-07-08 14:46:05','2013-07-08 14:46:05'),(5,'stlajdfskljds','aldsfjlkad@alkjdfl.com','$2a$10$SQ.2Ac/8D5wlURNJYWTcl.LjT4EFXj6VQ8KFtI96UwuqC7f2l78Dy','2013-07-09 01:34:41','2013-07-09 01:34:41'),(6,'adsjkfhasd','alsdjfkd@lkajsdflkd.com','$2a$10$tiSyQhbTgmoOgqyi/672gu1ZBtlU5qYaC.4HoQz8flIYtbkpqkR6m','2013-07-09 01:40:19','2013-07-09 01:40:19'),(7,'aljdjsfljdf','lakjsfdlkjdsf@lkajfdlkj.com','$2a$10$WjyapP4pBPhFQ4x9PZLY3ewudGI5W1cB.SFhd3Ffqk5xS2U0hQhpa','2013-07-09 01:42:12','2013-07-09 01:42:12'),(8,'ausdhfkhadsfk','alksjdfj@lakjdlfkjad.com','$2a$10$1Lry9N/OxGeYmNPWtmsJT.ZUZr3xdzcAqXqbDH8KyV7X.VL1WQ0Ye','2013-07-09 01:46:07','2013-07-09 01:46:07'),(9,'sdfjhsdjlasd','lkalsdjlfjd@lkasjdf.com','$2a$10$YvFeWglqkwMxNZZHiO94Se5KYwHbnz4oRvy/LkrBGH2f1MiqZ276e','2013-07-09 02:46:02','2013-07-09 02:46:02'),(10,'freddy','lkjasdjlkdsfjkl@alkjdsfljkd.com','$2a$10$arJ2mTiNH34DfNypn7uaKunyhyTXTvKeP5A6ObXU.0tiY7eYXsaJC','2013-07-09 17:22:53','2013-07-09 17:22:53'),(11,'freddyt','kasdljkjlkds@lakjfjkld.com','$2a$10$XL/7iRt7IDk5GREXO4CQleSnCginsd0x1f7OEHDV0v5bc49u4xxzu','2013-07-09 17:25:28','2013-07-09 17:25:28'),(12,'martinhalf','akljklfdsjlk@lakdf.com','$2a$10$YL1b7pVJe0GsC0fXxAQlTeTR9/PiPOTXD9PRKXS5jf5v0yK8D3ZrK','2013-07-09 17:30:07','2013-07-09 17:30:07'),(13,'aksd','lkajsdflkj@lkjsadlkjf.com','$2a$10$4QoXs42XEfdBTs32SNlqtOXz/ktC3jMn40shj/pYuIPJiFKPpNzAq','2013-07-09 17:32:45','2013-07-09 17:32:45'),(14,'stsdfjkl','slsdkfjldkf@laksjfdlkjd.com','$2a$10$586cIw3n0UOaCIlo9hqOR.CtFevOjX9OoB7l/1QwaC.y2W8Dmdyui','2013-07-10 11:47:20','2013-07-10 11:47:20'),(15,'slkklfaasd','klajsdfjlkdsf@alskdjf.com','$2a$10$2BYbmy0cpT7vn6.AR9bR6eW/fhq8cxUlmMgq8K4cFLmmAmu23XWYu','2013-07-10 11:48:37','2013-07-10 11:48:37');
/*!40000 ALTER TABLE `identities` ENABLE KEYS */;
UNLOCK TABLES;

--
-- Table structure for table `instructions`
--

DROP TABLE IF EXISTS `instructions`;
/*!40101 SET @saved_cs_client     = @@character_set_client */;
/*!40101 SET character_set_client = utf8 */;
CREATE TABLE `instructions` (
  `id` int(11) NOT NULL AUTO_INCREMENT,
  `text` varchar(255) DEFAULT NULL,
  `created_at` datetime NOT NULL,
  `updated_at` datetime NOT NULL,
  `user_id` int(11) DEFAULT NULL,
  PRIMARY KEY (`id`),
  KEY `index_instructions_on_user_id` (`user_id`)
) ENGINE=InnoDB AUTO_INCREMENT=1081 DEFAULT CHARSET=latin1;
/*!40101 SET character_set_client = @saved_cs_client */;

--
-- Dumping data for table `instructions`
--

LOCK TABLES `instructions` WRITE;
/*!40000 ALTER TABLE `instructions` DISABLE KEYS */;
INSERT INTO `instructions` VALUES (1,'Instruction 1','2013-05-24 13:41:33','2013-05-24 13:41:33',1),(2,'Instruction 2','2013-05-24 13:41:33','2013-05-24 13:41:33',1),(3,'Instruction 3','2013-05-24 13:41:33','2013-05-24 13:41:33',1),(4,'Instruction 4','2013-05-24 13:41:33','2013-05-24 13:41:33',1),(5,'Instruction 5','2013-05-24 13:41:33','2013-05-24 13:41:33',1),(6,'Instruction 6','2013-05-24 13:41:33','2013-05-24 13:41:33',1),(7,'Instruction 7','2013-05-24 13:41:33','2013-05-24 13:41:33',1),(8,'Instruction 8','2013-05-24 13:41:33','2013-05-24 13:41:33',1),(9,'Instruction 9','2013-05-24 13:41:33','2013-05-24 13:41:33',1),(10,'Instruction 10','2013-05-24 13:41:34','2013-05-24 13:41:34',1),(11,'Instruction 11','2013-05-24 13:41:34','2013-05-24 13:41:34',1),(12,'Instruction 12','2013-05-24 13:41:34','2013-05-24 13:41:34',1),(13,'Instruction 13','2013-05-24 13:41:34','2013-05-24 13:41:34',1),(14,'Instruction 14','2013-05-24 13:41:34','2013-05-24 13:41:34',1),(15,'Instruction 15','2013-05-24 13:41:34','2013-05-24 13:41:34',1),(16,'Instruction 16','2013-05-24 13:41:34','2013-05-24 13:41:34',1),(17,'Instruction 17','2013-05-24 13:41:34','2013-05-24 13:41:34',1),(18,'Instruction 18','2013-05-24 13:41:34','2013-05-24 13:41:34',1),(19,'Instruction 19','2013-05-24 13:41:34','2013-05-24 13:41:34',1),(20,'Instruction 20','2013-05-24 13:41:34','2013-05-24 13:41:34',1),(21,'Instruction 21','2013-05-24 13:41:34','2013-05-24 13:41:34',1),(22,'Instruction 22','2013-05-24 13:41:34','2013-05-24 13:41:34',1),(23,'Instruction 23','2013-05-24 13:41:34','2013-05-24 13:41:34',1),(24,'Instruction 24','2013-05-24 13:41:34','2013-05-24 13:41:34',1),(25,'Instruction 25','2013-05-24 13:41:34','2013-05-24 13:41:34',1),(26,'Instruction 26','2013-05-24 13:41:34','2013-05-24 13:41:34',1),(27,'Instruction 27','2013-05-24 13:41:34','2013-05-24 13:41:34',1),(28,'Instruction 28','2013-05-24 13:41:34','2013-05-24 13:41:34',1),(29,'Instruction 29','2013-05-24 13:41:34','2013-05-24 13:41:34',1),(30,'Instruction 30','2013-05-24 13:41:34','2013-05-24 13:41:34',1),(31,'Instruction 31','2013-05-24 13:41:34','2013-05-24 13:41:34',1),(32,'Instruction 32','2013-05-24 13:41:34','2013-05-24 13:41:34',1),(33,'Instruction 33','2013-05-24 13:41:34','2013-05-24 13:41:34',1),(34,'Instruction 34','2013-05-24 13:41:34','2013-05-24 13:41:34',1),(35,'Instruction 35','2013-05-24 13:41:34','2013-05-24 13:41:34',1),(36,'Instruction 36','2013-05-24 13:41:34','2013-05-24 13:41:34',1),(37,'Instruction 37','2013-05-24 13:41:34','2013-05-24 13:41:34',1),(38,'Instruction 38','2013-05-24 13:41:34','2013-05-24 13:41:34',1),(39,'Instruction 39','2013-05-24 13:41:34','2013-05-24 13:41:34',1),(40,'Instruction 40','2013-05-24 13:41:34','2013-05-24 13:41:34',1),(41,'Instruction 41','2013-05-24 13:41:35','2013-05-24 13:41:35',1),(42,'Instruction 42','2013-05-24 13:41:35','2013-05-24 13:41:35',1),(43,'Instruction 43','2013-05-24 13:41:35','2013-05-24 13:41:35',1),(44,'Instruction 44','2013-05-24 13:41:35','2013-05-24 13:41:35',1),(45,'Instruction 45','2013-05-24 13:41:35','2013-05-24 13:41:35',1),(46,'Instruction 46','2013-05-24 13:41:35','2013-05-24 13:41:35',1),(47,'Instruction 47','2013-05-24 13:41:35','2013-05-24 13:41:35',1),(48,'Instruction 48','2013-05-24 13:41:35','2013-05-24 13:41:35',1),(49,'Instruction 49','2013-05-24 13:41:35','2013-05-24 13:41:35',1),(50,'Instruction 50','2013-05-24 13:41:35','2013-05-24 13:41:35',1),(51,'Instruction 51','2013-05-24 13:41:35','2013-05-24 13:41:35',1),(52,'Instruction 52','2013-05-24 13:41:35','2013-05-24 13:41:35',1),(53,'Instruction 53','2013-05-24 13:41:35','2013-05-24 13:41:35',1),(54,'Instruction 54','2013-05-24 13:41:35','2013-05-24 13:41:35',1),(55,'Instruction 55','2013-05-24 13:41:35','2013-05-24 13:41:35',1),(56,'Instruction 56','2013-05-24 13:41:35','2013-05-24 13:41:35',1),(57,'Instruction 57','2013-05-24 13:41:35','2013-05-24 13:41:35',1),(58,'Instruction 58','2013-05-24 13:41:35','2013-05-24 13:41:35',1),(59,'Instruction 59','2013-05-24 13:41:35','2013-05-24 13:41:35',1),(60,'Instruction 60','2013-05-24 13:41:35','2013-05-24 13:41:35',1),(61,'Instruction 61','2013-05-24 13:41:35','2013-05-24 13:41:35',1),(62,'Instruction 62','2013-05-24 13:41:35','2013-05-24 13:41:35',1),(63,'Instruction 63','2013-05-24 13:41:35','2013-05-24 13:41:35',1),(64,'Instruction 64','2013-05-24 13:41:35','2013-05-24 13:41:35',1),(65,'Instruction 65','2013-05-24 13:41:35','2013-05-24 13:41:35',1),(66,'Instruction 66','2013-05-24 13:41:35','2013-05-24 13:41:35',1),(67,'Instruction 67','2013-05-24 13:41:35','2013-05-24 13:41:35',1),(68,'Instruction 68','2013-05-24 13:41:35','2013-05-24 13:41:35',1),(69,'Instruction 69','2013-05-24 13:41:35','2013-05-24 13:41:35',1),(70,'Instruction 70','2013-05-24 13:41:35','2013-05-24 13:41:35',1),(71,'Instruction 71','2013-05-24 13:41:35','2013-05-24 13:41:35',1),(72,'Instruction 72','2013-05-24 13:41:35','2013-05-24 13:41:35',1),(73,'Instruction 73','2013-05-24 13:41:35','2013-05-24 13:41:35',1),(74,'Instruction 74','2013-05-24 13:41:35','2013-05-24 13:41:35',1),(75,'Instruction 75','2013-05-24 13:41:35','2013-05-24 13:41:35',1),(76,'Instruction 76','2013-05-24 13:41:36','2013-05-24 13:41:36',1),(77,'Instruction 77','2013-05-24 13:41:36','2013-05-24 13:41:36',1),(78,'Instruction 78','2013-05-24 13:41:36','2013-05-24 13:41:36',1),(79,'Instruction 79','2013-05-24 13:41:36','2013-05-24 13:41:36',1),(80,'Instruction 80','2013-05-24 13:41:36','2013-05-24 13:41:36',1),(81,'Instruction 81','2013-05-24 13:41:36','2013-05-24 13:41:36',1),(82,'Instruction 82','2013-05-24 13:41:36','2013-05-24 13:41:36',1),(83,'Instruction 83','2013-05-24 13:41:36','2013-05-24 13:41:36',1),(84,'Instruction 84','2013-05-24 13:41:36','2013-05-24 13:41:36',1),(85,'Instruction 85','2013-05-24 13:41:36','2013-05-24 13:41:36',1),(86,'Instruction 86','2013-05-24 13:41:36','2013-05-24 13:41:36',1),(87,'Instruction 87','2013-05-24 13:41:36','2013-05-24 13:41:36',1),(88,'Instruction 88','2013-05-24 13:41:36','2013-05-24 13:41:36',1),(89,'Instruction 89','2013-05-24 13:41:36','2013-05-24 13:41:36',1),(90,'Instruction 90','2013-05-24 13:41:36','2013-05-24 13:41:36',1),(91,'Instruction 91','2013-05-24 13:41:36','2013-05-24 13:41:36',1),(92,'Instruction 92','2013-05-24 13:41:36','2013-05-24 13:41:36',1),(93,'Instruction 93','2013-05-24 13:41:36','2013-05-24 13:41:36',1),(94,'Instruction 94','2013-05-24 13:41:36','2013-05-24 13:41:36',1),(95,'Instruction 95','2013-05-24 13:41:36','2013-05-24 13:41:36',1),(96,'Instruction 96','2013-05-24 13:41:36','2013-05-24 13:41:36',1),(97,'Instruction 97','2013-05-24 13:41:36','2013-05-24 13:41:36',1),(98,'Instruction 98','2013-05-24 13:41:36','2013-05-24 13:41:36',1),(99,'Instruction 99','2013-05-24 13:41:36','2013-05-24 13:41:36',1),(100,'Instruction 100','2013-05-24 13:41:36','2013-05-24 13:41:36',1),(101,'Instruction 101','2013-05-24 13:41:36','2013-05-24 13:41:36',1),(102,'Instruction 102','2013-05-24 13:41:36','2013-05-24 13:41:36',1),(103,'Instruction 103','2013-05-24 13:41:36','2013-05-24 13:41:36',1),(104,'Instruction 104','2013-05-24 13:41:36','2013-05-24 13:41:36',1),(105,'Instruction 105','2013-05-24 13:41:36','2013-05-24 13:41:36',1),(106,'Instruction 106','2013-05-24 13:41:37','2013-05-24 13:41:37',1),(107,'Instruction 107','2013-05-24 13:41:37','2013-05-24 13:41:37',1),(108,'Instruction 108','2013-05-24 13:41:37','2013-05-24 13:41:37',1),(109,'Instruction 109','2013-05-24 13:41:37','2013-05-24 13:41:37',1),(110,'Instruction 110','2013-05-24 13:41:37','2013-05-24 13:41:37',1),(111,'Instruction 111','2013-05-24 13:41:37','2013-05-24 13:41:37',1),(112,'Instruction 112','2013-05-24 13:41:37','2013-05-24 13:41:37',1),(113,'Instruction 113','2013-05-24 13:41:37','2013-05-24 13:41:37',1),(114,'Instruction 114','2013-05-24 13:41:37','2013-05-24 13:41:37',1),(115,'Instruction 115','2013-05-24 13:41:37','2013-05-24 13:41:37',1),(116,'Instruction 116','2013-05-24 13:41:37','2013-05-24 13:41:37',1),(117,'Instruction 117','2013-05-24 13:41:37','2013-05-24 13:41:37',1),(118,'Instruction 118','2013-05-24 13:41:37','2013-05-24 13:41:37',1),(119,'Instruction 119','2013-05-24 13:41:37','2013-05-24 13:41:37',1),(120,'Instruction 120','2013-05-24 13:41:37','2013-05-24 13:41:37',1),(121,'Instruction 121','2013-05-24 13:41:37','2013-05-24 13:41:37',1),(122,'Instruction 122','2013-05-24 13:41:37','2013-05-24 13:41:37',1),(123,'Instruction 123','2013-05-24 13:41:37','2013-05-24 13:41:37',1),(124,'Instruction 124','2013-05-24 13:41:37','2013-05-24 13:41:37',1),(125,'Instruction 125','2013-05-24 13:41:37','2013-05-24 13:41:37',1),(126,'Instruction 126','2013-05-24 13:41:37','2013-05-24 13:41:37',1),(127,'Instruction 127','2013-05-24 13:41:37','2013-05-24 13:41:37',1),(128,'Instruction 128','2013-05-24 13:41:37','2013-05-24 13:41:37',1),(129,'Instruction 129','2013-05-24 13:41:37','2013-05-24 13:41:37',1),(130,'Instruction 130','2013-05-24 13:41:37','2013-05-24 13:41:37',1),(131,'Instruction 131','2013-05-24 13:41:38','2013-05-24 13:41:38',1),(132,'Instruction 132','2013-05-24 13:41:38','2013-05-24 13:41:38',1),(133,'Instruction 133','2013-05-24 13:41:38','2013-05-24 13:41:38',1),(134,'Instruction 134','2013-05-24 13:41:38','2013-05-24 13:41:38',1),(135,'Instruction 135','2013-05-24 13:41:38','2013-05-24 13:41:38',1),(136,'Instruction 136','2013-05-24 13:41:38','2013-05-24 13:41:38',1),(137,'Instruction 137','2013-05-24 13:41:38','2013-05-24 13:41:38',1),(138,'Instruction 138','2013-05-24 13:41:38','2013-05-24 13:41:38',1),(139,'Instruction 139','2013-05-24 13:41:38','2013-05-24 13:41:38',1),(140,'Instruction 140','2013-05-24 13:41:38','2013-05-24 13:41:38',1),(141,'Instruction 141','2013-05-24 13:41:38','2013-05-24 13:41:38',1),(142,'Instruction 142','2013-05-24 13:41:38','2013-05-24 13:41:38',1),(143,'Instruction 143','2013-05-24 13:41:38','2013-05-24 13:41:38',1),(144,'Instruction 144','2013-05-24 13:41:38','2013-05-24 13:41:38',1),(145,'Instruction 145','2013-05-24 13:41:38','2013-05-24 13:41:38',1),(146,'Instruction 146','2013-05-24 13:41:38','2013-05-24 13:41:38',1),(147,'Instruction 147','2013-05-24 13:41:38','2013-05-24 13:41:38',1),(148,'Instruction 148','2013-05-24 13:41:38','2013-05-24 13:41:38',1),(149,'Instruction 149','2013-05-24 13:41:38','2013-05-24 13:41:38',1),(150,'Instruction 150','2013-05-24 13:41:38','2013-05-24 13:41:38',1),(151,'Instruction 151','2013-05-24 13:41:39','2013-05-24 13:41:39',1),(152,'Instruction 152','2013-05-24 13:41:39','2013-05-24 13:41:39',1),(153,'Instruction 153','2013-05-24 13:41:39','2013-05-24 13:41:39',1),(154,'Instruction 154','2013-05-24 13:41:39','2013-05-24 13:41:39',1),(155,'Instruction 155','2013-05-24 13:41:39','2013-05-24 13:41:39',1),(156,'Instruction 156','2013-05-24 13:41:39','2013-05-24 13:41:39',1),(157,'Instruction 157','2013-05-24 13:41:39','2013-05-24 13:41:39',1),(158,'Instruction 158','2013-05-24 13:41:39','2013-05-24 13:41:39',1),(159,'Instruction 159','2013-05-24 13:41:39','2013-05-24 13:41:39',1),(160,'Instruction 160','2013-05-24 13:41:39','2013-05-24 13:41:39',1),(161,'Instruction 161','2013-05-24 13:41:39','2013-05-24 13:41:39',1),(162,'Instruction 162','2013-05-24 13:41:39','2013-05-24 13:41:39',1),(163,'Instruction 163','2013-05-24 13:41:39','2013-05-24 13:41:39',1),(164,'Instruction 164','2013-05-24 13:41:39','2013-05-24 13:41:39',1),(165,'Instruction 165','2013-05-24 13:41:39','2013-05-24 13:41:39',1),(166,'Instruction 166','2013-05-24 13:41:39','2013-05-24 13:41:39',1),(167,'Instruction 167','2013-05-24 13:41:39','2013-05-24 13:41:39',1),(168,'Instruction 168','2013-05-24 13:41:39','2013-05-24 13:41:39',1),(169,'Instruction 169','2013-05-24 13:41:39','2013-05-24 13:41:39',1),(170,'Instruction 170','2013-05-24 13:41:39','2013-05-24 13:41:39',1),(171,'Instruction 171','2013-05-24 13:41:39','2013-05-24 13:41:39',1),(172,'Instruction 172','2013-05-24 13:41:39','2013-05-24 13:41:39',1),(173,'Instruction 173','2013-05-24 13:41:39','2013-05-24 13:41:39',1),(174,'Instruction 174','2013-05-24 13:41:39','2013-05-24 13:41:39',1),(175,'Instruction 175','2013-05-24 13:41:39','2013-05-24 13:41:39',1),(176,'Instruction 176','2013-05-24 13:41:39','2013-05-24 13:41:39',1),(177,'Instruction 177','2013-05-24 13:41:39','2013-05-24 13:41:39',1),(178,'Instruction 178','2013-05-24 13:41:39','2013-05-24 13:41:39',1),(179,'Instruction 179','2013-05-24 13:41:39','2013-05-24 13:41:39',1),(180,'Instruction 180','2013-05-24 13:41:39','2013-05-24 13:41:39',1),(181,'Instruction 181','2013-05-24 13:41:40','2013-05-24 13:41:40',1),(182,'Instruction 182','2013-05-24 13:41:40','2013-05-24 13:41:40',1),(183,'Instruction 183','2013-05-24 13:41:40','2013-05-24 13:41:40',1),(184,'Instruction 184','2013-05-24 13:41:40','2013-05-24 13:41:40',1),(185,'Instruction 185','2013-05-24 13:41:40','2013-05-24 13:41:40',1),(186,'Instruction 186','2013-05-24 13:41:40','2013-05-24 13:41:40',1),(187,'Instruction 187','2013-05-24 13:41:40','2013-05-24 13:41:40',1),(188,'Instruction 188','2013-05-24 13:41:40','2013-05-24 13:41:40',1),(189,'Instruction 189','2013-05-24 13:41:40','2013-05-24 13:41:40',1),(190,'Instruction 190','2013-05-24 13:41:40','2013-05-24 13:41:40',1),(191,'Instruction 191','2013-05-24 13:41:41','2013-05-24 13:41:41',1),(192,'Instruction 192','2013-05-24 13:41:41','2013-05-24 13:41:41',1),(193,'Instruction 193','2013-05-24 13:41:41','2013-05-24 13:41:41',1),(194,'Instruction 194','2013-05-24 13:41:41','2013-05-24 13:41:41',1),(195,'Instruction 195','2013-05-24 13:41:41','2013-05-24 13:41:41',1),(196,'Instruction 196','2013-05-24 13:41:41','2013-05-24 13:41:41',1),(197,'Instruction 197','2013-05-24 13:41:41','2013-05-24 13:41:41',1),(198,'Instruction 198','2013-05-24 13:41:41','2013-05-24 13:41:41',1),(199,'Instruction 199','2013-05-24 13:41:41','2013-05-24 13:41:41',1),(200,'Instruction 200','2013-05-24 13:41:41','2013-05-24 13:41:41',1),(201,'Instruction 201','2013-05-24 13:41:41','2013-05-24 13:41:41',1),(202,'Instruction 202','2013-05-24 13:41:41','2013-05-24 13:41:41',1),(203,'Instruction 203','2013-05-24 13:41:41','2013-05-24 13:41:41',1),(204,'Instruction 204','2013-05-24 13:41:41','2013-05-24 13:41:41',1),(205,'Instruction 205','2013-05-24 13:41:41','2013-05-24 13:41:41',1),(206,'Instruction 206','2013-05-24 13:41:41','2013-05-24 13:41:41',1),(207,'Instruction 207','2013-05-24 13:41:41','2013-05-24 13:41:41',1),(208,'Instruction 208','2013-05-24 13:41:41','2013-05-24 13:41:41',1),(209,'Instruction 209','2013-05-24 13:41:41','2013-05-24 13:41:41',1),(210,'Instruction 210','2013-05-24 13:41:41','2013-05-24 13:41:41',1),(211,'Instruction 211','2013-05-24 13:41:41','2013-05-24 13:41:41',1),(212,'Instruction 212','2013-05-24 13:41:41','2013-05-24 13:41:41',1),(213,'Instruction 213','2013-05-24 13:41:41','2013-05-24 13:41:41',1),(214,'Instruction 214','2013-05-24 13:41:41','2013-05-24 13:41:41',1),(215,'Instruction 215','2013-05-24 13:41:41','2013-05-24 13:41:41',1),(216,'Instruction 216','2013-05-24 13:41:42','2013-05-24 13:41:42',1),(217,'Instruction 217','2013-05-24 13:41:42','2013-05-24 13:41:42',1),(218,'Instruction 218','2013-05-24 13:41:42','2013-05-24 13:41:42',1),(219,'Instruction 219','2013-05-24 13:41:42','2013-05-24 13:41:42',1),(220,'Instruction 220','2013-05-24 13:41:42','2013-05-24 13:41:42',1),(221,'Instruction 221','2013-05-24 13:41:42','2013-05-24 13:41:42',1),(222,'Instruction 222','2013-05-24 13:41:42','2013-05-24 13:41:42',1),(223,'Instruction 223','2013-05-24 13:41:42','2013-05-24 13:41:42',1),(224,'Instruction 224','2013-05-24 13:41:42','2013-05-24 13:41:42',1),(225,'Instruction 225','2013-05-24 13:41:42','2013-05-24 13:41:42',1),(226,'Instruction 226','2013-05-24 13:41:42','2013-05-24 13:41:42',1),(227,'Instruction 227','2013-05-24 13:41:42','2013-05-24 13:41:42',1),(228,'Instruction 228','2013-05-24 13:41:42','2013-05-24 13:41:42',1),(229,'Instruction 229','2013-05-24 13:41:42','2013-05-24 13:41:42',1),(230,'Instruction 230','2013-05-24 13:41:42','2013-05-24 13:41:42',1),(231,'Instruction 231','2013-05-24 13:41:42','2013-05-24 13:41:42',1),(232,'Instruction 232','2013-05-24 13:41:42','2013-05-24 13:41:42',1),(233,'Instruction 233','2013-05-24 13:41:42','2013-05-24 13:41:42',1),(234,'Instruction 234','2013-05-24 13:41:42','2013-05-24 13:41:42',1),(235,'Instruction 235','2013-05-24 13:41:42','2013-05-24 13:41:42',1),(236,'Instruction 236','2013-05-24 13:41:42','2013-05-24 13:41:42',1),(237,'Instruction 237','2013-05-24 13:41:42','2013-05-24 13:41:42',1),(238,'Instruction 238','2013-05-24 13:41:42','2013-05-24 13:41:42',1),(239,'Instruction 239','2013-05-24 13:41:42','2013-05-24 13:41:42',1),(240,'Instruction 240','2013-05-24 13:41:42','2013-05-24 13:41:42',1),(241,'Instruction 241','2013-05-24 13:41:42','2013-05-24 13:41:42',1),(242,'Instruction 242','2013-05-24 13:41:42','2013-05-24 13:41:42',1),(243,'Instruction 243','2013-05-24 13:41:42','2013-05-24 13:41:42',1),(244,'Instruction 244','2013-05-24 13:41:42','2013-05-24 13:41:42',1),(245,'Instruction 245','2013-05-24 13:41:42','2013-05-24 13:41:42',1),(246,'Instruction 246','2013-05-24 13:41:42','2013-05-24 13:41:42',1),(247,'Instruction 247','2013-05-24 13:41:42','2013-05-24 13:41:42',1),(248,'Instruction 248','2013-05-24 13:41:42','2013-05-24 13:41:42',1),(249,'Instruction 249','2013-05-24 13:41:42','2013-05-24 13:41:42',1),(250,'Instruction 250','2013-05-24 13:41:42','2013-05-24 13:41:42',1),(251,'Instruction 251','2013-05-24 13:41:42','2013-05-24 13:41:42',1),(252,'Instruction 252','2013-05-24 13:41:42','2013-05-24 13:41:42',1),(253,'Instruction 253','2013-05-24 13:41:42','2013-05-24 13:41:42',1),(254,'Instruction 254','2013-05-24 13:41:42','2013-05-24 13:41:42',1),(255,'Instruction 255','2013-05-24 13:41:42','2013-05-24 13:41:42',1),(256,'Instruction 256','2013-05-24 13:41:43','2013-05-24 13:41:43',1),(257,'Instruction 257','2013-05-24 13:41:43','2013-05-24 13:41:43',1),(258,'Instruction 258','2013-05-24 13:41:43','2013-05-24 13:41:43',1),(259,'Instruction 259','2013-05-24 13:41:43','2013-05-24 13:41:43',1),(260,'Instruction 260','2013-05-24 13:41:43','2013-05-24 13:41:43',1),(261,'Instruction 261','2013-05-24 13:41:43','2013-05-24 13:41:43',1),(262,'Instruction 262','2013-05-24 13:41:43','2013-05-24 13:41:43',1),(263,'Instruction 263','2013-05-24 13:41:43','2013-05-24 13:41:43',1),(264,'Instruction 264','2013-05-24 13:41:43','2013-05-24 13:41:43',1),(265,'Instruction 265','2013-05-24 13:41:43','2013-05-24 13:41:43',1),(266,'Instruction 266','2013-05-24 13:41:43','2013-05-24 13:41:43',1),(267,'Instruction 267','2013-05-24 13:41:43','2013-05-24 13:41:43',1),(268,'Instruction 268','2013-05-24 13:41:43','2013-05-24 13:41:43',1),(269,'Instruction 269','2013-05-24 13:41:43','2013-05-24 13:41:43',1),(270,'Instruction 270','2013-05-24 13:41:43','2013-05-24 13:41:43',1),(271,'Instruction 271','2013-05-24 13:41:43','2013-05-24 13:41:43',1),(272,'Instruction 272','2013-05-24 13:41:43','2013-05-24 13:41:43',1),(273,'Instruction 273','2013-05-24 13:41:43','2013-05-24 13:41:43',1),(274,'Instruction 274','2013-05-24 13:41:43','2013-05-24 13:41:43',1),(275,'Instruction 275','2013-05-24 13:41:43','2013-05-24 13:41:43',1),(276,'Instruction 276','2013-05-24 13:41:43','2013-05-24 13:41:43',1),(277,'Instruction 277','2013-05-24 13:41:43','2013-05-24 13:41:43',1),(278,'Instruction 278','2013-05-24 13:41:43','2013-05-24 13:41:43',1),(279,'Instruction 279','2013-05-24 13:41:43','2013-05-24 13:41:43',1),(280,'Instruction 280','2013-05-24 13:41:43','2013-05-24 13:41:43',1),(281,'Instruction 281','2013-05-24 13:41:43','2013-05-24 13:41:43',1),(282,'Instruction 282','2013-05-24 13:41:43','2013-05-24 13:41:43',1),(283,'Instruction 283','2013-05-24 13:41:43','2013-05-24 13:41:43',1),(284,'Instruction 284','2013-05-24 13:41:43','2013-05-24 13:41:43',1),(285,'Instruction 285','2013-05-24 13:41:43','2013-05-24 13:41:43',1),(286,'Instruction 286','2013-05-24 13:41:44','2013-05-24 13:41:44',1),(287,'Instruction 287','2013-05-24 13:41:44','2013-05-24 13:41:44',1),(288,'Instruction 288','2013-05-24 13:41:44','2013-05-24 13:41:44',1),(289,'Instruction 289','2013-05-24 13:41:44','2013-05-24 13:41:44',1),(290,'Instruction 290','2013-05-24 13:41:44','2013-05-24 13:41:44',1),(291,'Instruction 291','2013-05-24 13:41:44','2013-05-24 13:41:44',1),(292,'Instruction 292','2013-05-24 13:41:44','2013-05-24 13:41:44',1),(293,'Instruction 293','2013-05-24 13:41:44','2013-05-24 13:41:44',1),(294,'Instruction 294','2013-05-24 13:41:44','2013-05-24 13:41:44',1),(295,'Instruction 295','2013-05-24 13:41:44','2013-05-24 13:41:44',1),(296,'Instruction 296','2013-05-24 13:41:44','2013-05-24 13:41:44',1),(297,'Instruction 297','2013-05-24 13:41:44','2013-05-24 13:41:44',1),(298,'Instruction 298','2013-05-24 13:41:44','2013-05-24 13:41:44',1),(299,'Instruction 299','2013-05-24 13:41:44','2013-05-24 13:41:44',1),(300,'Instruction 300','2013-05-24 13:41:44','2013-05-24 13:41:44',1),(301,'Instruction 301','2013-05-24 13:41:44','2013-05-24 13:41:44',1),(302,'Instruction 302','2013-05-24 13:41:44','2013-05-24 13:41:44',1),(303,'Instruction 303','2013-05-24 13:41:44','2013-05-24 13:41:44',1),(304,'Instruction 304','2013-05-24 13:41:44','2013-05-24 13:41:44',1),(305,'Instruction 305','2013-05-24 13:41:44','2013-05-24 13:41:44',1),(306,'Instruction 306','2013-05-24 13:41:44','2013-05-24 13:41:44',1),(307,'Instruction 307','2013-05-24 13:41:44','2013-05-24 13:41:44',1),(308,'Instruction 308','2013-05-24 13:41:44','2013-05-24 13:41:44',1),(309,'Instruction 309','2013-05-24 13:41:44','2013-05-24 13:41:44',1),(310,'Instruction 310','2013-05-24 13:41:44','2013-05-24 13:41:44',1),(311,'Instruction 311','2013-05-24 13:41:44','2013-05-24 13:41:44',1),(312,'Instruction 312','2013-05-24 13:41:44','2013-05-24 13:41:44',1),(313,'Instruction 313','2013-05-24 13:41:44','2013-05-24 13:41:44',1),(314,'Instruction 314','2013-05-24 13:41:44','2013-05-24 13:41:44',1),(315,'Instruction 315','2013-05-24 13:41:44','2013-05-24 13:41:44',1),(316,'Instruction 316','2013-05-24 13:41:44','2013-05-24 13:41:44',1),(317,'Instruction 317','2013-05-24 13:41:44','2013-05-24 13:41:44',1),(318,'Instruction 318','2013-05-24 13:41:44','2013-05-24 13:41:44',1),(319,'Instruction 319','2013-05-24 13:41:44','2013-05-24 13:41:44',1),(320,'Instruction 320','2013-05-24 13:41:44','2013-05-24 13:41:44',1),(321,'Instruction 321','2013-05-24 13:41:44','2013-05-24 13:41:44',1),(322,'Instruction 322','2013-05-24 13:41:44','2013-05-24 13:41:44',1),(323,'Instruction 323','2013-05-24 13:41:45','2013-05-24 13:41:45',1),(324,'Instruction 324','2013-05-24 13:41:45','2013-05-24 13:41:45',1),(325,'Instruction 325','2013-05-24 13:41:45','2013-05-24 13:41:45',1),(326,'Instruction 326','2013-05-24 13:41:45','2013-05-24 13:41:45',1),(327,'Instruction 327','2013-05-24 13:41:45','2013-05-24 13:41:45',1),(328,'Instruction 328','2013-05-24 13:41:45','2013-05-24 13:41:45',1),(329,'Instruction 329','2013-05-24 13:41:45','2013-05-24 13:41:45',1),(330,'Instruction 330','2013-05-24 13:41:45','2013-05-24 13:41:45',1),(331,'Instruction 331','2013-05-24 13:41:45','2013-05-24 13:41:45',1),(332,'Instruction 332','2013-05-24 13:41:45','2013-05-24 13:41:45',1),(333,'Instruction 333','2013-05-24 13:41:45','2013-05-24 13:41:45',1),(334,'Instruction 334','2013-05-24 13:41:45','2013-05-24 13:41:45',1),(335,'Instruction 335','2013-05-24 13:41:45','2013-05-24 13:41:45',1),(336,'Instruction 336','2013-05-24 13:41:45','2013-05-24 13:41:45',1),(337,'Instruction 337','2013-05-24 13:41:45','2013-05-24 13:41:45',1),(338,'Instruction 338','2013-05-24 13:41:45','2013-05-24 13:41:45',1),(339,'Instruction 339','2013-05-24 13:41:45','2013-05-24 13:41:45',1),(340,'Instruction 340','2013-05-24 13:41:45','2013-05-24 13:41:45',1),(341,'Instruction 341','2013-05-24 13:41:45','2013-05-24 13:41:45',1),(342,'Instruction 342','2013-05-24 13:41:45','2013-05-24 13:41:45',1),(343,'Instruction 343','2013-05-24 13:41:45','2013-05-24 13:41:45',1),(344,'Instruction 344','2013-05-24 13:41:45','2013-05-24 13:41:45',1),(345,'Instruction 345','2013-05-24 13:41:45','2013-05-24 13:41:45',1),(346,'Instruction 346','2013-05-24 13:41:45','2013-05-24 13:41:45',1),(347,'Instruction 347','2013-05-24 13:41:45','2013-05-24 13:41:45',1),(348,'Instruction 348','2013-05-24 13:41:45','2013-05-24 13:41:45',1),(349,'Instruction 349','2013-05-24 13:41:45','2013-05-24 13:41:45',1),(350,'Instruction 350','2013-05-24 13:41:45','2013-05-24 13:41:45',1),(351,'Instruction 351','2013-05-24 13:41:45','2013-05-24 13:41:45',1),(352,'Instruction 352','2013-05-24 13:41:45','2013-05-24 13:41:45',1),(353,'Instruction 353','2013-05-24 13:41:45','2013-05-24 13:41:45',1),(354,'Instruction 354','2013-05-24 13:41:45','2013-05-24 13:41:45',1),(355,'Instruction 355','2013-05-24 13:41:45','2013-05-24 13:41:45',1),(356,'Instruction 356','2013-05-24 13:41:45','2013-05-24 13:41:45',1),(357,'Instruction 357','2013-05-24 13:41:45','2013-05-24 13:41:45',1),(358,'Instruction 358','2013-05-24 13:41:45','2013-05-24 13:41:45',1),(359,'Instruction 359','2013-05-24 13:41:45','2013-05-24 13:41:45',1),(360,'Instruction 360','2013-05-24 13:41:45','2013-05-24 13:41:45',1),(361,'Instruction 361','2013-05-24 13:41:46','2013-05-24 13:41:46',1),(362,'Instruction 362','2013-05-24 13:41:46','2013-05-24 13:41:46',1),(363,'Instruction 363','2013-05-24 13:41:46','2013-05-24 13:41:46',1),(364,'Instruction 364','2013-05-24 13:41:46','2013-05-24 13:41:46',1),(365,'Instruction 365','2013-05-24 13:41:46','2013-05-24 13:41:46',1),(366,'Instruction 366','2013-05-24 13:41:46','2013-05-24 13:41:46',1),(367,'Instruction 367','2013-05-24 13:41:46','2013-05-24 13:41:46',1),(368,'Instruction 368','2013-05-24 13:41:46','2013-05-24 13:41:46',1),(369,'Instruction 369','2013-05-24 13:41:46','2013-05-24 13:41:46',1),(370,'Instruction 370','2013-05-24 13:41:46','2013-05-24 13:41:46',1),(371,'Instruction 371','2013-05-24 13:41:46','2013-05-24 13:41:46',1),(372,'Instruction 372','2013-05-24 13:41:46','2013-05-24 13:41:46',1),(373,'Instruction 373','2013-05-24 13:41:46','2013-05-24 13:41:46',1),(374,'Instruction 374','2013-05-24 13:41:46','2013-05-24 13:41:46',1),(375,'Instruction 375','2013-05-24 13:41:46','2013-05-24 13:41:46',1),(376,'Instruction 376','2013-05-24 13:41:46','2013-05-24 13:41:46',1),(377,'Instruction 377','2013-05-24 13:41:46','2013-05-24 13:41:46',1),(378,'Instruction 378','2013-05-24 13:41:46','2013-05-24 13:41:46',1),(379,'Instruction 379','2013-05-24 13:41:46','2013-05-24 13:41:46',1),(380,'Instruction 380','2013-05-24 13:41:46','2013-05-24 13:41:46',1),(381,'Instruction 381','2013-05-24 13:41:46','2013-05-24 13:41:46',1),(382,'Instruction 382','2013-05-24 13:41:46','2013-05-24 13:41:46',1),(383,'Instruction 383','2013-05-24 13:41:46','2013-05-24 13:41:46',1),(384,'Instruction 384','2013-05-24 13:41:46','2013-05-24 13:41:46',1),(385,'Instruction 385','2013-05-24 13:41:46','2013-05-24 13:41:46',1),(386,'Instruction 386','2013-05-24 13:41:46','2013-05-24 13:41:46',1),(387,'Instruction 387','2013-05-24 13:41:46','2013-05-24 13:41:46',1),(388,'Instruction 388','2013-05-24 13:41:46','2013-05-24 13:41:46',1),(389,'Instruction 389','2013-05-24 13:41:46','2013-05-24 13:41:46',1),(390,'Instruction 390','2013-05-24 13:41:46','2013-05-24 13:41:46',1),(391,'Instruction 391','2013-05-24 13:41:46','2013-05-24 13:41:46',1),(392,'Instruction 392','2013-05-24 13:41:46','2013-05-24 13:41:46',1),(393,'Instruction 393','2013-05-24 13:41:46','2013-05-24 13:41:46',1),(394,'Instruction 394','2013-05-24 13:41:46','2013-05-24 13:41:46',1),(395,'Instruction 395','2013-05-24 13:41:46','2013-05-24 13:41:46',1),(396,'Instruction 396','2013-05-24 13:41:46','2013-05-24 13:41:46',1),(397,'Instruction 397','2013-05-24 13:41:46','2013-05-24 13:41:46',1),(398,'Instruction 398','2013-05-24 13:41:46','2013-05-24 13:41:46',1),(399,'Instruction 399','2013-05-24 13:41:46','2013-05-24 13:41:46',1),(400,'Instruction 400','2013-05-24 13:41:46','2013-05-24 13:41:46',1),(401,'Instruction 401','2013-05-24 13:41:46','2013-05-24 13:41:46',1),(402,'Instruction 402','2013-05-24 13:41:46','2013-05-24 13:41:46',1),(403,'Instruction 403','2013-05-24 13:41:46','2013-05-24 13:41:46',1),(404,'Instruction 404','2013-05-24 13:41:46','2013-05-24 13:41:46',1),(405,'Instruction 405','2013-05-24 13:41:46','2013-05-24 13:41:46',1),(406,'Instruction 406','2013-05-24 13:41:47','2013-05-24 13:41:47',1),(407,'Instruction 407','2013-05-24 13:41:47','2013-05-24 13:41:47',1),(408,'Instruction 408','2013-05-24 13:41:47','2013-05-24 13:41:47',1),(409,'Instruction 409','2013-05-24 13:41:47','2013-05-24 13:41:47',1),(410,'Instruction 410','2013-05-24 13:41:47','2013-05-24 13:41:47',1),(411,'Instruction 411','2013-05-24 13:41:47','2013-05-24 13:41:47',1),(412,'Instruction 412','2013-05-24 13:41:47','2013-05-24 13:41:47',1),(413,'Instruction 413','2013-05-24 13:41:47','2013-05-24 13:41:47',1),(414,'Instruction 414','2013-05-24 13:41:47','2013-05-24 13:41:47',1),(415,'Instruction 415','2013-05-24 13:41:47','2013-05-24 13:41:47',1),(416,'Instruction 416','2013-05-24 13:41:47','2013-05-24 13:41:47',1),(417,'Instruction 417','2013-05-24 13:41:47','2013-05-24 13:41:47',1),(418,'Instruction 418','2013-05-24 13:41:47','2013-05-24 13:41:47',1),(419,'Instruction 419','2013-05-24 13:41:47','2013-05-24 13:41:47',1),(420,'Instruction 420','2013-05-24 13:41:47','2013-05-24 13:41:47',1),(421,'Instruction 421','2013-05-24 13:41:47','2013-05-24 13:41:47',1),(422,'Instruction 422','2013-05-24 13:41:47','2013-05-24 13:41:47',1),(423,'Instruction 423','2013-05-24 13:41:47','2013-05-24 13:41:47',1),(424,'Instruction 424','2013-05-24 13:41:47','2013-05-24 13:41:47',1),(425,'Instruction 425','2013-05-24 13:41:47','2013-05-24 13:41:47',1),(426,'Instruction 426','2013-05-24 13:41:47','2013-05-24 13:41:47',1),(427,'Instruction 427','2013-05-24 13:41:47','2013-05-24 13:41:47',1),(428,'Instruction 428','2013-05-24 13:41:47','2013-05-24 13:41:47',1),(429,'Instruction 429','2013-05-24 13:41:47','2013-05-24 13:41:47',1),(430,'Instruction 430','2013-05-24 13:41:47','2013-05-24 13:41:47',1),(431,'Instruction 431','2013-05-24 13:41:48','2013-05-24 13:41:48',1),(432,'Instruction 432','2013-05-24 13:41:48','2013-05-24 13:41:48',1),(433,'Instruction 433','2013-05-24 13:41:48','2013-05-24 13:41:48',1),(434,'Instruction 434','2013-05-24 13:41:48','2013-05-24 13:41:48',1),(435,'Instruction 435','2013-05-24 13:41:48','2013-05-24 13:41:48',1),(436,'Instruction 436','2013-05-24 13:41:48','2013-05-24 13:41:48',1),(437,'Instruction 437','2013-05-24 13:41:48','2013-05-24 13:41:48',1),(438,'Instruction 438','2013-05-24 13:41:48','2013-05-24 13:41:48',1),(439,'Instruction 439','2013-05-24 13:41:48','2013-05-24 13:41:48',1),(440,'Instruction 440','2013-05-24 13:41:48','2013-05-24 13:41:48',1),(441,'Instruction 441','2013-05-24 13:41:48','2013-05-24 13:41:48',1),(442,'Instruction 442','2013-05-24 13:41:48','2013-05-24 13:41:48',1),(443,'Instruction 443','2013-05-24 13:41:48','2013-05-24 13:41:48',1),(444,'Instruction 444','2013-05-24 13:41:48','2013-05-24 13:41:48',1),(445,'Instruction 445','2013-05-24 13:41:48','2013-05-24 13:41:48',1),(446,'Instruction 446','2013-05-24 13:41:48','2013-05-24 13:41:48',1),(447,'Instruction 447','2013-05-24 13:41:48','2013-05-24 13:41:48',1),(448,'Instruction 448','2013-05-24 13:41:48','2013-05-24 13:41:48',1),(449,'Instruction 449','2013-05-24 13:41:48','2013-05-24 13:41:48',1),(450,'Instruction 450','2013-05-24 13:41:48','2013-05-24 13:41:48',1),(451,'Instruction 451','2013-05-24 13:41:49','2013-05-24 13:41:49',1),(452,'Instruction 452','2013-05-24 13:41:49','2013-05-24 13:41:49',1),(453,'Instruction 453','2013-05-24 13:41:49','2013-05-24 13:41:49',1),(454,'Instruction 454','2013-05-24 13:41:49','2013-05-24 13:41:49',1),(455,'Instruction 455','2013-05-24 13:41:49','2013-05-24 13:41:49',1),(456,'Instruction 456','2013-05-24 13:41:49','2013-05-24 13:41:49',1),(457,'Instruction 457','2013-05-24 13:41:49','2013-05-24 13:41:49',1),(458,'Instruction 458','2013-05-24 13:41:49','2013-05-24 13:41:49',1),(459,'Instruction 459','2013-05-24 13:41:49','2013-05-24 13:41:49',1),(460,'Instruction 460','2013-05-24 13:41:49','2013-05-24 13:41:49',1),(461,'Instruction 461','2013-05-24 13:41:49','2013-05-24 13:41:49',1),(462,'Instruction 462','2013-05-24 13:41:49','2013-05-24 13:41:49',1),(463,'Instruction 463','2013-05-24 13:41:49','2013-05-24 13:41:49',1),(464,'Instruction 464','2013-05-24 13:41:49','2013-05-24 13:41:49',1),(465,'Instruction 465','2013-05-24 13:41:49','2013-05-24 13:41:49',1),(466,'Instruction 466','2013-05-24 13:41:49','2013-05-24 13:41:49',1),(467,'Instruction 467','2013-05-24 13:41:49','2013-05-24 13:41:49',1),(468,'Instruction 468','2013-05-24 13:41:49','2013-05-24 13:41:49',1),(469,'Instruction 469','2013-05-24 13:41:49','2013-05-24 13:41:49',1),(470,'Instruction 470','2013-05-24 13:41:49','2013-05-24 13:41:49',1),(471,'Instruction 471','2013-05-24 13:41:50','2013-05-24 13:41:50',1),(472,'Instruction 472','2013-05-24 13:41:50','2013-05-24 13:41:50',1),(473,'Instruction 473','2013-05-24 13:41:50','2013-05-24 13:41:50',1),(474,'Instruction 474','2013-05-24 13:41:50','2013-05-24 13:41:50',1),(475,'Instruction 475','2013-05-24 13:41:50','2013-05-24 13:41:50',1),(476,'Instruction 476','2013-05-24 13:41:50','2013-05-24 13:41:50',1),(477,'Instruction 477','2013-05-24 13:41:50','2013-05-24 13:41:50',1),(478,'Instruction 478','2013-05-24 13:41:50','2013-05-24 13:41:50',1),(479,'Instruction 479','2013-05-24 13:41:50','2013-05-24 13:41:50',1),(480,'Instruction 480','2013-05-24 13:41:50','2013-05-24 13:41:50',1),(481,'Instruction 481','2013-05-24 13:41:50','2013-05-24 13:41:50',1),(482,'Instruction 482','2013-05-24 13:41:50','2013-05-24 13:41:50',1),(483,'Instruction 483','2013-05-24 13:41:50','2013-05-24 13:41:50',1),(484,'Instruction 484','2013-05-24 13:41:50','2013-05-24 13:41:50',1),(485,'Instruction 485','2013-05-24 13:41:50','2013-05-24 13:41:50',1),(486,'Instruction 486','2013-05-24 13:41:50','2013-05-24 13:41:50',1),(487,'Instruction 487','2013-05-24 13:41:50','2013-05-24 13:41:50',1),(488,'Instruction 488','2013-05-24 13:41:50','2013-05-24 13:41:50',1),(489,'Instruction 489','2013-05-24 13:41:50','2013-05-24 13:41:50',1),(490,'Instruction 490','2013-05-24 13:41:50','2013-05-24 13:41:50',1),(491,'Instruction 491','2013-05-24 13:41:51','2013-05-24 13:41:51',1),(492,'Instruction 492','2013-05-24 13:41:51','2013-05-24 13:41:51',1),(493,'Instruction 493','2013-05-24 13:41:51','2013-05-24 13:41:51',1),(494,'Instruction 494','2013-05-24 13:41:51','2013-05-24 13:41:51',1),(495,'Instruction 495','2013-05-24 13:41:51','2013-05-24 13:41:51',1),(496,'Instruction 496','2013-05-24 13:41:51','2013-05-24 13:41:51',1),(497,'Instruction 497','2013-05-24 13:41:51','2013-05-24 13:41:51',1),(498,'Instruction 498','2013-05-24 13:41:51','2013-05-24 13:41:51',1),(499,'Instruction 499','2013-05-24 13:41:51','2013-05-24 13:41:51',1),(500,'Instruction 500','2013-05-24 13:41:51','2013-05-24 13:41:51',1),(501,'Instruction 501','2013-05-24 13:41:51','2013-05-24 13:41:51',1),(502,'Instruction 502','2013-05-24 13:41:51','2013-05-24 13:41:51',1),(503,'Instruction 503','2013-05-24 13:41:51','2013-05-24 13:41:51',1),(504,'Instruction 504','2013-05-24 13:41:51','2013-05-24 13:41:51',1),(505,'Instruction 505','2013-05-24 13:41:51','2013-05-24 13:41:51',1),(506,'Instruction 506','2013-05-24 13:41:51','2013-05-24 13:41:51',1),(507,'Instruction 507','2013-05-24 13:41:51','2013-05-24 13:41:51',1),(508,'Instruction 508','2013-05-24 13:41:51','2013-05-24 13:41:51',1),(509,'Instruction 509','2013-05-24 13:41:51','2013-05-24 13:41:51',1),(510,'Instruction 510','2013-05-24 13:41:51','2013-05-24 13:41:51',1),(511,'Instruction 511','2013-05-24 13:41:52','2013-05-24 13:41:52',1),(512,'Instruction 512','2013-05-24 13:41:52','2013-05-24 13:41:52',1),(513,'Instruction 513','2013-05-24 13:41:52','2013-05-24 13:41:52',1),(514,'Instruction 514','2013-05-24 13:41:52','2013-05-24 13:41:52',1),(515,'Instruction 515','2013-05-24 13:41:52','2013-05-24 13:41:52',1),(516,'Instruction 516','2013-05-24 13:41:52','2013-05-24 13:41:52',1),(517,'Instruction 517','2013-05-24 13:41:52','2013-05-24 13:41:52',1),(518,'Instruction 518','2013-05-24 13:41:52','2013-05-24 13:41:52',1),(519,'Instruction 519','2013-05-24 13:41:52','2013-05-24 13:41:52',1),(520,'Instruction 520','2013-05-24 13:41:52','2013-05-24 13:41:52',1),(521,'Instruction 521','2013-05-24 13:41:52','2013-05-24 13:41:52',1),(522,'Instruction 522','2013-05-24 13:41:52','2013-05-24 13:41:52',1),(523,'Instruction 523','2013-05-24 13:41:52','2013-05-24 13:41:52',1),(524,'Instruction 524','2013-05-24 13:41:52','2013-05-24 13:41:52',1),(525,'Instruction 525','2013-05-24 13:41:52','2013-05-24 13:41:52',1),(526,'Instruction 526','2013-05-24 13:41:52','2013-05-24 13:41:52',1),(527,'Instruction 527','2013-05-24 13:41:52','2013-05-24 13:41:52',1),(528,'Instruction 528','2013-05-24 13:41:52','2013-05-24 13:41:52',1),(529,'Instruction 529','2013-05-24 13:41:52','2013-05-24 13:41:52',1),(530,'Instruction 530','2013-05-24 13:41:52','2013-05-24 13:41:52',1),(531,'Instruction 531','2013-05-24 13:41:53','2013-05-24 13:41:53',1),(532,'Instruction 532','2013-05-24 13:41:53','2013-05-24 13:41:53',1),(533,'Instruction 533','2013-05-24 13:41:53','2013-05-24 13:41:53',1),(534,'Instruction 534','2013-05-24 13:41:53','2013-05-24 13:41:53',1),(535,'Instruction 535','2013-05-24 13:41:53','2013-05-24 13:41:53',1),(536,'Instruction 536','2013-05-24 13:41:53','2013-05-24 13:41:53',1),(537,'Instruction 537','2013-05-24 13:41:53','2013-05-24 13:41:53',1),(538,'Instruction 538','2013-05-24 13:41:53','2013-05-24 13:41:53',1),(539,'Instruction 539','2013-05-24 13:41:53','2013-05-24 13:41:53',1),(540,'Instruction 540','2013-05-24 13:41:53','2013-05-24 13:41:53',1),(541,'Instruction 541','2013-05-24 13:41:53','2013-05-24 13:41:53',1),(542,'Instruction 542','2013-05-24 13:41:53','2013-05-24 13:41:53',1),(543,'Instruction 543','2013-05-24 13:41:53','2013-05-24 13:41:53',1),(544,'Instruction 544','2013-05-24 13:41:53','2013-05-24 13:41:53',1),(545,'Instruction 545','2013-05-24 13:41:53','2013-05-24 13:41:53',1),(546,'Instruction 546','2013-05-24 13:41:54','2013-05-24 13:41:54',1),(547,'Instruction 547','2013-05-24 13:41:54','2013-05-24 13:41:54',1),(548,'Instruction 548','2013-05-24 13:41:54','2013-05-24 13:41:54',1),(549,'Instruction 549','2013-05-24 13:41:54','2013-05-24 13:41:54',1),(550,'Instruction 550','2013-05-24 13:41:54','2013-05-24 13:41:54',1),(551,'Instruction 551','2013-05-24 13:41:54','2013-05-24 13:41:54',1),(552,'Instruction 552','2013-05-24 13:41:54','2013-05-24 13:41:54',1),(553,'Instruction 553','2013-05-24 13:41:54','2013-05-24 13:41:54',1),(554,'Instruction 554','2013-05-24 13:41:54','2013-05-24 13:41:54',1),(555,'Instruction 555','2013-05-24 13:41:54','2013-05-24 13:41:54',1),(556,'Instruction 556','2013-05-24 13:41:54','2013-05-24 13:41:54',1),(557,'Instruction 557','2013-05-24 13:41:54','2013-05-24 13:41:54',1),(558,'Instruction 558','2013-05-24 13:41:54','2013-05-24 13:41:54',1),(559,'Instruction 559','2013-05-24 13:41:54','2013-05-24 13:41:54',1),(560,'Instruction 560','2013-05-24 13:41:54','2013-05-24 13:41:54',1),(561,'Instruction 561','2013-05-24 13:41:54','2013-05-24 13:41:54',1),(562,'Instruction 562','2013-05-24 13:41:54','2013-05-24 13:41:54',1),(563,'Instruction 563','2013-05-24 13:41:54','2013-05-24 13:41:54',1),(564,'Instruction 564','2013-05-24 13:41:54','2013-05-24 13:41:54',1),(565,'Instruction 565','2013-05-24 13:41:54','2013-05-24 13:41:54',1),(566,'Instruction 566','2013-05-24 13:41:54','2013-05-24 13:41:54',1),(567,'Instruction 567','2013-05-24 13:41:54','2013-05-24 13:41:54',1),(568,'Instruction 568','2013-05-24 13:41:54','2013-05-24 13:41:54',1),(569,'Instruction 569','2013-05-24 13:41:54','2013-05-24 13:41:54',1),(570,'Instruction 570','2013-05-24 13:41:54','2013-05-24 13:41:54',1),(571,'Instruction 571','2013-05-24 13:41:55','2013-05-24 13:41:55',1),(572,'Instruction 572','2013-05-24 13:41:55','2013-05-24 13:41:55',1),(573,'Instruction 573','2013-05-24 13:41:55','2013-05-24 13:41:55',1),(574,'Instruction 574','2013-05-24 13:41:55','2013-05-24 13:41:55',1),(575,'Instruction 575','2013-05-24 13:41:55','2013-05-24 13:41:55',1),(576,'Instruction 576','2013-05-24 13:41:55','2013-05-24 13:41:55',1),(577,'Instruction 577','2013-05-24 13:41:55','2013-05-24 13:41:55',1),(578,'Instruction 578','2013-05-24 13:41:55','2013-05-24 13:41:55',1),(579,'Instruction 579','2013-05-24 13:41:55','2013-05-24 13:41:55',1),(580,'Instruction 580','2013-05-24 13:41:55','2013-05-24 13:41:55',1),(581,'Instruction 581','2013-05-24 13:41:55','2013-05-24 13:41:55',1),(582,'Instruction 582','2013-05-24 13:41:55','2013-05-24 13:41:55',1),(583,'Instruction 583','2013-05-24 13:41:55','2013-05-24 13:41:55',1),(584,'Instruction 584','2013-05-24 13:41:56','2013-05-24 13:41:56',1),(585,'Instruction 585','2013-05-24 13:41:56','2013-05-24 13:41:56',1),(586,'Instruction 586','2013-05-24 13:41:56','2013-05-24 13:41:56',1),(587,'Instruction 587','2013-05-24 13:41:56','2013-05-24 13:41:56',1),(588,'Instruction 588','2013-05-24 13:41:56','2013-05-24 13:41:56',1),(589,'Instruction 589','2013-05-24 13:41:56','2013-05-24 13:41:56',1),(590,'Instruction 590','2013-05-24 13:41:56','2013-05-24 13:41:56',1),(591,'Instruction 591','2013-05-24 13:41:56','2013-05-24 13:41:56',1),(592,'Instruction 592','2013-05-24 13:41:56','2013-05-24 13:41:56',1),(593,'Instruction 593','2013-05-24 13:41:56','2013-05-24 13:41:56',1),(594,'Instruction 594','2013-05-24 13:41:56','2013-05-24 13:41:56',1),(595,'Instruction 595','2013-05-24 13:41:56','2013-05-24 13:41:56',1),(596,'Instruction 596','2013-05-24 13:41:56','2013-05-24 13:41:56',1),(597,'Instruction 597','2013-05-24 13:41:56','2013-05-24 13:41:56',1),(598,'Instruction 598','2013-05-24 13:41:56','2013-05-24 13:41:56',1),(599,'Instruction 599','2013-05-24 13:41:56','2013-05-24 13:41:56',1),(600,'Instruction 600','2013-05-24 13:41:56','2013-05-24 13:41:56',1),(601,'Instruction 601','2013-05-24 13:41:56','2013-05-24 13:41:56',1),(602,'Instruction 602','2013-05-24 13:41:56','2013-05-24 13:41:56',1),(603,'Instruction 603','2013-05-24 13:41:56','2013-05-24 13:41:56',1),(604,'Instruction 604','2013-05-24 13:41:56','2013-05-24 13:41:56',1),(605,'Instruction 605','2013-05-24 13:41:56','2013-05-24 13:41:56',1),(606,'Instruction 606','2013-05-24 13:41:56','2013-05-24 13:41:56',1),(607,'Instruction 607','2013-05-24 13:41:56','2013-05-24 13:41:56',1),(608,'Instruction 608','2013-05-24 13:41:56','2013-05-24 13:41:56',1),(609,'Instruction 609','2013-05-24 13:41:56','2013-05-24 13:41:56',1),(610,'Instruction 610','2013-05-24 13:41:56','2013-05-24 13:41:56',1),(611,'Instruction 611','2013-05-24 13:41:56','2013-05-24 13:41:56',1),(612,'Instruction 612','2013-05-24 13:41:56','2013-05-24 13:41:56',1),(613,'Instruction 613','2013-05-24 13:41:56','2013-05-24 13:41:56',1),(614,'Instruction 614','2013-05-24 13:41:56','2013-05-24 13:41:56',1),(615,'Instruction 615','2013-05-24 13:41:56','2013-05-24 13:41:56',1),(616,'Instruction 616','2013-05-24 13:41:56','2013-05-24 13:41:56',1),(617,'Instruction 617','2013-05-24 13:41:56','2013-05-24 13:41:56',1),(618,'Instruction 618','2013-05-24 13:41:56','2013-05-24 13:41:56',1),(619,'Instruction 619','2013-05-24 13:41:56','2013-05-24 13:41:56',1),(620,'Instruction 620','2013-05-24 13:41:56','2013-05-24 13:41:56',1),(621,'Instruction 621','2013-05-24 13:41:57','2013-05-24 13:41:57',1),(622,'Instruction 622','2013-05-24 13:41:57','2013-05-24 13:41:57',1),(623,'Instruction 623','2013-05-24 13:41:57','2013-05-24 13:41:57',1),(624,'Instruction 624','2013-05-24 13:41:57','2013-05-24 13:41:57',1),(625,'Instruction 625','2013-05-24 13:41:57','2013-05-24 13:41:57',1),(626,'Instruction 626','2013-05-24 13:41:57','2013-05-24 13:41:57',1),(627,'Instruction 627','2013-05-24 13:41:57','2013-05-24 13:41:57',1),(628,'Instruction 628','2013-05-24 13:41:57','2013-05-24 13:41:57',1),(629,'Instruction 629','2013-05-24 13:41:57','2013-05-24 13:41:57',1),(630,'Instruction 630','2013-05-24 13:41:57','2013-05-24 13:41:57',1),(631,'Instruction 631','2013-05-24 13:41:57','2013-05-24 13:41:57',1),(632,'Instruction 632','2013-05-24 13:41:57','2013-05-24 13:41:57',1),(633,'Instruction 633','2013-05-24 13:41:57','2013-05-24 13:41:57',1),(634,'Instruction 634','2013-05-24 13:41:57','2013-05-24 13:41:57',1),(635,'Instruction 635','2013-05-24 13:41:57','2013-05-24 13:41:57',1),(636,'Instruction 636','2013-05-24 13:41:57','2013-05-24 13:41:57',1),(637,'Instruction 637','2013-05-24 13:41:57','2013-05-24 13:41:57',1),(638,'Instruction 638','2013-05-24 13:41:57','2013-05-24 13:41:57',1),(639,'Instruction 639','2013-05-24 13:41:57','2013-05-24 13:41:57',1),(640,'Instruction 640','2013-05-24 13:41:57','2013-05-24 13:41:57',1),(641,'Instruction 641','2013-05-24 13:41:57','2013-05-24 13:41:57',1),(642,'Instruction 642','2013-05-24 13:41:57','2013-05-24 13:41:57',1),(643,'Instruction 643','2013-05-24 13:41:57','2013-05-24 13:41:57',1),(644,'Instruction 644','2013-05-24 13:41:57','2013-05-24 13:41:57',1),(645,'Instruction 645','2013-05-24 13:41:57','2013-05-24 13:41:57',1),(646,'Instruction 646','2013-05-24 13:41:58','2013-05-24 13:41:58',1),(647,'Instruction 647','2013-05-24 13:41:58','2013-05-24 13:41:58',1),(648,'Instruction 648','2013-05-24 13:41:58','2013-05-24 13:41:58',1),(649,'Instruction 649','2013-05-24 13:41:58','2013-05-24 13:41:58',1),(650,'Instruction 650','2013-05-24 13:41:58','2013-05-24 13:41:58',1),(651,'Instruction 651','2013-05-24 13:41:58','2013-05-24 13:41:58',1),(652,'Instruction 652','2013-05-24 13:41:58','2013-05-24 13:41:58',1),(653,'Instruction 653','2013-05-24 13:41:58','2013-05-24 13:41:58',1),(654,'Instruction 654','2013-05-24 13:41:58','2013-05-24 13:41:58',1),(655,'Instruction 655','2013-05-24 13:41:58','2013-05-24 13:41:58',1),(656,'Instruction 656','2013-05-24 13:41:58','2013-05-24 13:41:58',1),(657,'Instruction 657','2013-05-24 13:41:58','2013-05-24 13:41:58',1),(658,'Instruction 658','2013-05-24 13:41:58','2013-05-24 13:41:58',1),(659,'Instruction 659','2013-05-24 13:41:58','2013-05-24 13:41:58',1),(660,'Instruction 660','2013-05-24 13:41:58','2013-05-24 13:41:58',1),(661,'Instruction 661','2013-05-24 13:41:59','2013-05-24 13:41:59',1),(662,'Instruction 662','2013-05-24 13:41:59','2013-05-24 13:41:59',1),(663,'Instruction 663','2013-05-24 13:41:59','2013-05-24 13:41:59',1),(664,'Instruction 664','2013-05-24 13:41:59','2013-05-24 13:41:59',1),(665,'Instruction 665','2013-05-24 13:41:59','2013-05-24 13:41:59',1),(666,'Instruction 666','2013-05-24 13:42:00','2013-05-24 13:42:00',1),(667,'Instruction 667','2013-05-24 13:42:00','2013-05-24 13:42:00',1),(668,'Instruction 668','2013-05-24 13:42:00','2013-05-24 13:42:00',1),(669,'Instruction 669','2013-05-24 13:42:00','2013-05-24 13:42:00',1),(670,'Instruction 670','2013-05-24 13:42:00','2013-05-24 13:42:00',1),(671,'Instruction 671','2013-05-24 13:42:00','2013-05-24 13:42:00',1),(672,'Instruction 672','2013-05-24 13:42:00','2013-05-24 13:42:00',1),(673,'Instruction 673','2013-05-24 13:42:00','2013-05-24 13:42:00',1),(674,'Instruction 674','2013-05-24 13:42:00','2013-05-24 13:42:00',1),(675,'Instruction 675','2013-05-24 13:42:00','2013-05-24 13:42:00',1),(676,'Instruction 676','2013-05-24 13:42:00','2013-05-24 13:42:00',1),(677,'Instruction 677','2013-05-24 13:42:00','2013-05-24 13:42:00',1),(678,'Instruction 678','2013-05-24 13:42:00','2013-05-24 13:42:00',1),(679,'Instruction 679','2013-05-24 13:42:00','2013-05-24 13:42:00',1),(680,'Instruction 680','2013-05-24 13:42:00','2013-05-24 13:42:00',1),(681,'Instruction 681','2013-05-24 13:42:00','2013-05-24 13:42:00',1),(682,'Instruction 682','2013-05-24 13:42:00','2013-05-24 13:42:00',1),(683,'Instruction 683','2013-05-24 13:42:00','2013-05-24 13:42:00',1),(684,'Instruction 684','2013-05-24 13:42:00','2013-05-24 13:42:00',1),(685,'Instruction 685','2013-05-24 13:42:00','2013-05-24 13:42:00',1),(686,'Instruction 686','2013-05-24 13:42:00','2013-05-24 13:42:00',1),(687,'Instruction 687','2013-05-24 13:42:00','2013-05-24 13:42:00',1),(688,'Instruction 688','2013-05-24 13:42:00','2013-05-24 13:42:00',1),(689,'Instruction 689','2013-05-24 13:42:00','2013-05-24 13:42:00',1),(690,'Instruction 690','2013-05-24 13:42:00','2013-05-24 13:42:00',1),(691,'Instruction 691','2013-05-24 13:42:02','2013-05-24 13:42:02',1),(692,'Instruction 692','2013-05-24 13:42:02','2013-05-24 13:42:02',1),(693,'Instruction 693','2013-05-24 13:42:02','2013-05-24 13:42:02',1),(694,'Instruction 694','2013-05-24 13:42:02','2013-05-24 13:42:02',1),(695,'Instruction 695','2013-05-24 13:42:03','2013-05-24 13:42:03',1),(696,'Instruction 696','2013-05-24 13:42:03','2013-05-24 13:42:03',1),(697,'Instruction 697','2013-05-24 13:42:03','2013-05-24 13:42:03',1),(698,'Instruction 698','2013-05-24 13:42:03','2013-05-24 13:42:03',1),(699,'Instruction 699','2013-05-24 13:42:03','2013-05-24 13:42:03',1),(700,'Instruction 700','2013-05-24 13:42:04','2013-05-24 13:42:04',1),(701,'Instruction 701','2013-05-24 13:42:04','2013-05-24 13:42:04',1),(702,'Instruction 702','2013-05-24 13:42:04','2013-05-24 13:42:04',1),(703,'Instruction 703','2013-05-24 13:42:04','2013-05-24 13:42:04',1),(704,'Instruction 704','2013-05-24 13:42:04','2013-05-24 13:42:04',1),(705,'Instruction 705','2013-05-24 13:42:04','2013-05-24 13:42:04',1),(706,'Instruction 706','2013-05-24 13:42:04','2013-05-24 13:42:04',1),(707,'Instruction 707','2013-05-24 13:42:04','2013-05-24 13:42:04',1),(708,'Instruction 708','2013-05-24 13:42:04','2013-05-24 13:42:04',1),(709,'Instruction 709','2013-05-24 13:42:04','2013-05-24 13:42:04',1),(710,'Instruction 710','2013-05-24 13:42:04','2013-05-24 13:42:04',1),(711,'Instruction 711','2013-05-24 13:42:04','2013-05-24 13:42:04',1),(712,'Instruction 712','2013-05-24 13:42:04','2013-05-24 13:42:04',1),(713,'Instruction 713','2013-05-24 13:42:04','2013-05-24 13:42:04',1),(714,'Instruction 714','2013-05-24 13:42:04','2013-05-24 13:42:04',1),(715,'Instruction 715','2013-05-24 13:42:04','2013-05-24 13:42:04',1),(716,'Instruction 716','2013-05-24 13:42:04','2013-05-24 13:42:04',1),(717,'Instruction 717','2013-05-24 13:42:04','2013-05-24 13:42:04',1),(718,'Instruction 718','2013-05-24 13:42:04','2013-05-24 13:42:04',1),(719,'Instruction 719','2013-05-24 13:42:04','2013-05-24 13:42:04',1),(720,'Instruction 720','2013-05-24 13:42:04','2013-05-24 13:42:04',1),(721,'Instruction 721','2013-05-24 13:42:05','2013-05-24 13:42:05',1),(722,'Instruction 722','2013-05-24 13:42:05','2013-05-24 13:42:05',1),(723,'Instruction 723','2013-05-24 13:42:05','2013-05-24 13:42:05',1),(724,'Instruction 724','2013-05-24 13:42:05','2013-05-24 13:42:05',1),(725,'Instruction 725','2013-05-24 13:42:05','2013-05-24 13:42:05',1),(726,'Instruction 726','2013-05-24 13:42:05','2013-05-24 13:42:05',1),(727,'Instruction 727','2013-05-24 13:42:05','2013-05-24 13:42:05',1),(728,'Instruction 728','2013-05-24 13:42:05','2013-05-24 13:42:05',1),(729,'Instruction 729','2013-05-24 13:42:05','2013-05-24 13:42:05',1),(730,'Instruction 730','2013-05-24 13:42:05','2013-05-24 13:42:05',1),(731,'Instruction 731','2013-05-24 13:42:05','2013-05-24 13:42:05',1),(732,'Instruction 732','2013-05-24 13:42:05','2013-05-24 13:42:05',1),(733,'Instruction 733','2013-05-24 13:42:05','2013-05-24 13:42:05',1),(734,'Instruction 734','2013-05-24 13:42:05','2013-05-24 13:42:05',1),(735,'Instruction 735','2013-05-24 13:42:05','2013-05-24 13:42:05',1),(736,'Instruction 736','2013-05-24 13:42:05','2013-05-24 13:42:05',1),(737,'Instruction 737','2013-05-24 13:42:05','2013-05-24 13:42:05',1),(738,'Instruction 738','2013-05-24 13:42:05','2013-05-24 13:42:05',1),(739,'Instruction 739','2013-05-24 13:42:05','2013-05-24 13:42:05',1),(740,'Instruction 740','2013-05-24 13:42:05','2013-05-24 13:42:05',1),(741,'Instruction 741','2013-05-24 13:42:05','2013-05-24 13:42:05',1),(742,'Instruction 742','2013-05-24 13:42:05','2013-05-24 13:42:05',1),(743,'Instruction 743','2013-05-24 13:42:05','2013-05-24 13:42:05',1),(744,'Instruction 744','2013-05-24 13:42:05','2013-05-24 13:42:05',1),(745,'Instruction 745','2013-05-24 13:42:05','2013-05-24 13:42:05',1),(746,'Instruction 746','2013-05-24 13:42:05','2013-05-24 13:42:05',1),(747,'Instruction 747','2013-05-24 13:42:05','2013-05-24 13:42:05',1),(748,'Instruction 748','2013-05-24 13:42:05','2013-05-24 13:42:05',1),(749,'Instruction 749','2013-05-24 13:42:05','2013-05-24 13:42:05',1),(750,'Instruction 750','2013-05-24 13:42:05','2013-05-24 13:42:05',1),(751,'Instruction 751','2013-05-24 13:42:06','2013-05-24 13:42:06',1),(752,'Instruction 752','2013-05-24 13:42:06','2013-05-24 13:42:06',1),(753,'Instruction 753','2013-05-24 13:42:06','2013-05-24 13:42:06',1),(754,'Instruction 754','2013-05-24 13:42:06','2013-05-24 13:42:06',1),(755,'Instruction 755','2013-05-24 13:42:06','2013-05-24 13:42:06',1),(756,'Instruction 756','2013-05-24 13:42:06','2013-05-24 13:42:06',1),(757,'Instruction 757','2013-05-24 13:42:06','2013-05-24 13:42:06',1),(758,'Instruction 758','2013-05-24 13:42:06','2013-05-24 13:42:06',1),(759,'Instruction 759','2013-05-24 13:42:06','2013-05-24 13:42:06',1),(760,'Instruction 760','2013-05-24 13:42:06','2013-05-24 13:42:06',1),(761,'Instruction 761','2013-05-24 13:42:06','2013-05-24 13:42:06',1),(762,'Instruction 762','2013-05-24 13:42:06','2013-05-24 13:42:06',1),(763,'Instruction 763','2013-05-24 13:42:06','2013-05-24 13:42:06',1),(764,'Instruction 764','2013-05-24 13:42:06','2013-05-24 13:42:06',1),(765,'Instruction 765','2013-05-24 13:42:06','2013-05-24 13:42:06',1),(766,'Instruction 766','2013-05-24 13:42:06','2013-05-24 13:42:06',1),(767,'Instruction 767','2013-05-24 13:42:06','2013-05-24 13:42:06',1),(768,'Instruction 768','2013-05-24 13:42:06','2013-05-24 13:42:06',1),(769,'Instruction 769','2013-05-24 13:42:06','2013-05-24 13:42:06',1),(770,'Instruction 770','2013-05-24 13:42:06','2013-05-24 13:42:06',1),(771,'Instruction 771','2013-05-24 13:42:07','2013-05-24 13:42:07',1),(772,'Instruction 772','2013-05-24 13:42:07','2013-05-24 13:42:07',1),(773,'Instruction 773','2013-05-24 13:42:07','2013-05-24 13:42:07',1),(774,'Instruction 774','2013-05-24 13:42:07','2013-05-24 13:42:07',1),(775,'Instruction 775','2013-05-24 13:42:07','2013-05-24 13:42:07',1),(776,'Instruction 776','2013-05-24 13:42:07','2013-05-24 13:42:07',1),(777,'Instruction 777','2013-05-24 13:42:07','2013-05-24 13:42:07',1),(778,'Instruction 778','2013-05-24 13:42:07','2013-05-24 13:42:07',1),(779,'Instruction 779','2013-05-24 13:42:07','2013-05-24 13:42:07',1),(780,'Instruction 780','2013-05-24 13:42:07','2013-05-24 13:42:07',1),(781,'Instruction 781','2013-05-24 13:42:07','2013-05-24 13:42:07',1),(782,'Instruction 782','2013-05-24 13:42:07','2013-05-24 13:42:07',1),(783,'Instruction 783','2013-05-24 13:42:07','2013-05-24 13:42:07',1),(784,'Instruction 784','2013-05-24 13:42:07','2013-05-24 13:42:07',1),(785,'Instruction 785','2013-05-24 13:42:07','2013-05-24 13:42:07',1),(786,'Instruction 786','2013-05-24 13:42:07','2013-05-24 13:42:07',1),(787,'Instruction 787','2013-05-24 13:42:07','2013-05-24 13:42:07',1),(788,'Instruction 788','2013-05-24 13:42:07','2013-05-24 13:42:07',1),(789,'Instruction 789','2013-05-24 13:42:08','2013-05-24 13:42:08',1),(790,'Instruction 790','2013-05-24 13:42:08','2013-05-24 13:42:08',1),(791,'Instruction 791','2013-05-24 13:42:08','2013-05-24 13:42:08',1),(792,'Instruction 792','2013-05-24 13:42:08','2013-05-24 13:42:08',1),(793,'Instruction 793','2013-05-24 13:42:08','2013-05-24 13:42:08',1),(794,'Instruction 794','2013-05-24 13:42:08','2013-05-24 13:42:08',1),(795,'Instruction 795','2013-05-24 13:42:08','2013-05-24 13:42:08',1),(796,'Instruction 796','2013-05-24 13:42:08','2013-05-24 13:42:08',1),(797,'Instruction 797','2013-05-24 13:42:08','2013-05-24 13:42:08',1),(798,'Instruction 798','2013-05-24 13:42:08','2013-05-24 13:42:08',1),(799,'Instruction 799','2013-05-24 13:42:08','2013-05-24 13:42:08',1),(800,'Instruction 800','2013-05-24 13:42:08','2013-05-24 13:42:08',1),(801,'Instruction 801','2013-05-24 13:42:08','2013-05-24 13:42:08',1),(802,'Instruction 802','2013-05-24 13:42:08','2013-05-24 13:42:08',1),(803,'Instruction 803','2013-05-24 13:42:08','2013-05-24 13:42:08',1),(804,'Instruction 804','2013-05-24 13:42:08','2013-05-24 13:42:08',1),(805,'Instruction 805','2013-05-24 13:42:08','2013-05-24 13:42:08',1),(806,'Instruction 806','2013-05-24 13:42:08','2013-05-24 13:42:08',1),(807,'Instruction 807','2013-05-24 13:42:08','2013-05-24 13:42:08',1),(808,'Instruction 808','2013-05-24 13:42:08','2013-05-24 13:42:08',1),(809,'Instruction 809','2013-05-24 13:42:08','2013-05-24 13:42:08',1),(810,'Instruction 810','2013-05-24 13:42:08','2013-05-24 13:42:08',1),(811,'Instruction 811','2013-05-24 13:42:09','2013-05-24 13:42:09',1),(812,'Instruction 812','2013-05-24 13:42:09','2013-05-24 13:42:09',1),(813,'Instruction 813','2013-05-24 13:42:09','2013-05-24 13:42:09',1),(814,'Instruction 814','2013-05-24 13:42:09','2013-05-24 13:42:09',1),(815,'Instruction 815','2013-05-24 13:42:09','2013-05-24 13:42:09',1),(816,'Instruction 816','2013-05-24 13:42:09','2013-05-24 13:42:09',1),(817,'Instruction 817','2013-05-24 13:42:09','2013-05-24 13:42:09',1),(818,'Instruction 818','2013-05-24 13:42:09','2013-05-24 13:42:09',1),(819,'Instruction 819','2013-05-24 13:42:09','2013-05-24 13:42:09',1),(820,'Instruction 820','2013-05-24 13:42:09','2013-05-24 13:42:09',1),(821,'Instruction 821','2013-05-24 13:42:09','2013-05-24 13:42:09',1),(822,'Instruction 822','2013-05-24 13:42:09','2013-05-24 13:42:09',1),(823,'Instruction 823','2013-05-24 13:42:09','2013-05-24 13:42:09',1),(824,'Instruction 824','2013-05-24 13:42:09','2013-05-24 13:42:09',1),(825,'Instruction 825','2013-05-24 13:42:09','2013-05-24 13:42:09',1),(826,'Instruction 826','2013-05-24 13:42:09','2013-05-24 13:42:09',1),(827,'Instruction 827','2013-05-24 13:42:09','2013-05-24 13:42:09',1),(828,'Instruction 828','2013-05-24 13:42:09','2013-05-24 13:42:09',1),(829,'Instruction 829','2013-05-24 13:42:09','2013-05-24 13:42:09',1),(830,'Instruction 830','2013-05-24 13:42:09','2013-05-24 13:42:09',1),(831,'Instruction 831','2013-05-24 13:42:09','2013-05-24 13:42:09',1),(832,'Instruction 832','2013-05-24 13:42:09','2013-05-24 13:42:09',1),(833,'Instruction 833','2013-05-24 13:42:09','2013-05-24 13:42:09',1),(834,'Instruction 834','2013-05-24 13:42:09','2013-05-24 13:42:09',1),(835,'Instruction 835','2013-05-24 13:42:09','2013-05-24 13:42:09',1),(836,'Instruction 836','2013-05-24 13:42:10','2013-05-24 13:42:10',1),(837,'Instruction 837','2013-05-24 13:42:10','2013-05-24 13:42:10',1),(838,'Instruction 838','2013-05-24 13:42:10','2013-05-24 13:42:10',1),(839,'Instruction 839','2013-05-24 13:42:10','2013-05-24 13:42:10',1),(840,'Instruction 840','2013-05-24 13:42:10','2013-05-24 13:42:10',1),(841,'Instruction 841','2013-05-24 13:42:10','2013-05-24 13:42:10',1),(842,'Instruction 842','2013-05-24 13:42:10','2013-05-24 13:42:10',1),(843,'Instruction 843','2013-05-24 13:42:10','2013-05-24 13:42:10',1),(844,'Instruction 844','2013-05-24 13:42:10','2013-05-24 13:42:10',1),(845,'Instruction 845','2013-05-24 13:42:10','2013-05-24 13:42:10',1),(846,'Instruction 846','2013-05-24 13:42:10','2013-05-24 13:42:10',1),(847,'Instruction 847','2013-05-24 13:42:10','2013-05-24 13:42:10',1),(848,'Instruction 848','2013-05-24 13:42:10','2013-05-24 13:42:10',1),(849,'Instruction 849','2013-05-24 13:42:10','2013-05-24 13:42:10',1),(850,'Instruction 850','2013-05-24 13:42:10','2013-05-24 13:42:10',1),(851,'Instruction 851','2013-05-24 13:42:10','2013-05-24 13:42:10',1),(852,'Instruction 852','2013-05-24 13:42:10','2013-05-24 13:42:10',1),(853,'Instruction 853','2013-05-24 13:42:10','2013-05-24 13:42:10',1),(854,'Instruction 854','2013-05-24 13:42:10','2013-05-24 13:42:10',1),(855,'Instruction 855','2013-05-24 13:42:10','2013-05-24 13:42:10',1),(856,'Instruction 856','2013-05-24 13:42:10','2013-05-24 13:42:10',1),(857,'Instruction 857','2013-05-24 13:42:10','2013-05-24 13:42:10',1),(858,'Instruction 858','2013-05-24 13:42:10','2013-05-24 13:42:10',1),(859,'Instruction 859','2013-05-24 13:42:10','2013-05-24 13:42:10',1),(860,'Instruction 860','2013-05-24 13:42:10','2013-05-24 13:42:10',1),(861,'Instruction 861','2013-05-24 13:42:10','2013-05-24 13:42:10',1),(862,'Instruction 862','2013-05-24 13:42:10','2013-05-24 13:42:10',1),(863,'Instruction 863','2013-05-24 13:42:10','2013-05-24 13:42:10',1),(864,'Instruction 864','2013-05-24 13:42:10','2013-05-24 13:42:10',1),(865,'Instruction 865','2013-05-24 13:42:10','2013-05-24 13:42:10',1),(866,'Instruction 866','2013-05-24 13:42:10','2013-05-24 13:42:10',1),(867,'Instruction 867','2013-05-24 13:42:10','2013-05-24 13:42:10',1),(868,'Instruction 868','2013-05-24 13:42:10','2013-05-24 13:42:10',1),(869,'Instruction 869','2013-05-24 13:42:10','2013-05-24 13:42:10',1),(870,'Instruction 870','2013-05-24 13:42:11','2013-05-24 13:42:11',1),(871,'Instruction 871','2013-05-24 13:42:11','2013-05-24 13:42:11',1),(872,'Instruction 872','2013-05-24 13:42:11','2013-05-24 13:42:11',1),(873,'Instruction 873','2013-05-24 13:42:11','2013-05-24 13:42:11',1),(874,'Instruction 874','2013-05-24 13:42:11','2013-05-24 13:42:11',1),(875,'Instruction 875','2013-05-24 13:42:11','2013-05-24 13:42:11',1),(876,'Instruction 876','2013-05-24 13:42:11','2013-05-24 13:42:11',1),(877,'Instruction 877','2013-05-24 13:42:11','2013-05-24 13:42:11',1),(878,'Instruction 878','2013-05-24 13:42:11','2013-05-24 13:42:11',1),(879,'Instruction 879','2013-05-24 13:42:11','2013-05-24 13:42:11',1),(880,'Instruction 880','2013-05-24 13:42:11','2013-05-24 13:42:11',1),(881,'Instruction 881','2013-05-24 13:42:11','2013-05-24 13:42:11',1),(882,'Instruction 882','2013-05-24 13:42:11','2013-05-24 13:42:11',1),(883,'Instruction 883','2013-05-24 13:42:11','2013-05-24 13:42:11',1),(884,'Instruction 884','2013-05-24 13:42:11','2013-05-24 13:42:11',1),(885,'Instruction 885','2013-05-24 13:42:11','2013-05-24 13:42:11',1),(886,'Instruction 886','2013-05-24 13:42:11','2013-05-24 13:42:11',1),(887,'Instruction 887','2013-05-24 13:42:11','2013-05-24 13:42:11',1),(888,'Instruction 888','2013-05-24 13:42:11','2013-05-24 13:42:11',1),(889,'Instruction 889','2013-05-24 13:42:11','2013-05-24 13:42:11',1),(890,'Instruction 890','2013-05-24 13:42:11','2013-05-24 13:42:11',1),(891,'Instruction 891','2013-05-24 13:42:11','2013-05-24 13:42:11',1),(892,'Instruction 892','2013-05-24 13:42:11','2013-05-24 13:42:11',1),(893,'Instruction 893','2013-05-24 13:42:11','2013-05-24 13:42:11',1),(894,'Instruction 894','2013-05-24 13:42:11','2013-05-24 13:42:11',1),(895,'Instruction 895','2013-05-24 13:42:11','2013-05-24 13:42:11',1),(896,'Instruction 896','2013-05-24 13:42:11','2013-05-24 13:42:11',1),(897,'Instruction 897','2013-05-24 13:42:11','2013-05-24 13:42:11',1),(898,'Instruction 898','2013-05-24 13:42:11','2013-05-24 13:42:11',1),(899,'Instruction 899','2013-05-24 13:42:11','2013-05-24 13:42:11',1),(900,'Instruction 900','2013-05-24 13:42:11','2013-05-24 13:42:11',1),(901,'Instruction 901','2013-05-24 13:42:11','2013-05-24 13:42:11',1),(902,'Instruction 902','2013-05-24 13:42:12','2013-05-24 13:42:12',1),(903,'Instruction 903','2013-05-24 13:42:12','2013-05-24 13:42:12',1),(904,'Instruction 904','2013-05-24 13:42:12','2013-05-24 13:42:12',1),(905,'Instruction 905','2013-05-24 13:42:12','2013-05-24 13:42:12',1),(906,'Instruction 906','2013-05-24 13:42:12','2013-05-24 13:42:12',1),(907,'Instruction 907','2013-05-24 13:42:12','2013-05-24 13:42:12',1),(908,'Instruction 908','2013-05-24 13:42:12','2013-05-24 13:42:12',1),(909,'Instruction 909','2013-05-24 13:42:12','2013-05-24 13:42:12',1),(910,'Instruction 910','2013-05-24 13:42:12','2013-05-24 13:42:12',1),(911,'Instruction 911','2013-05-24 13:42:12','2013-05-24 13:42:12',1),(912,'Instruction 912','2013-05-24 13:42:12','2013-05-24 13:42:12',1),(913,'Instruction 913','2013-05-24 13:42:12','2013-05-24 13:42:12',1),(914,'Instruction 914','2013-05-24 13:42:12','2013-05-24 13:42:12',1),(915,'Instruction 915','2013-05-24 13:42:12','2013-05-24 13:42:12',1),(916,'Instruction 916','2013-05-24 13:42:12','2013-05-24 13:42:12',1),(917,'Instruction 917','2013-05-24 13:42:12','2013-05-24 13:42:12',1),(918,'Instruction 918','2013-05-24 13:42:12','2013-05-24 13:42:12',1),(919,'Instruction 919','2013-05-24 13:42:12','2013-05-24 13:42:12',1),(920,'Instruction 920','2013-05-24 13:42:12','2013-05-24 13:42:12',1),(921,'Instruction 921','2013-05-24 13:42:12','2013-05-24 13:42:12',1),(922,'Instruction 922','2013-05-24 13:42:12','2013-05-24 13:42:12',1),(923,'Instruction 923','2013-05-24 13:42:12','2013-05-24 13:42:12',1),(924,'Instruction 924','2013-05-24 13:42:12','2013-05-24 13:42:12',1),(925,'Instruction 925','2013-05-24 13:42:12','2013-05-24 13:42:12',1),(926,'Instruction 926','2013-05-24 13:42:12','2013-05-24 13:42:12',1),(927,'Instruction 927','2013-05-24 13:42:12','2013-05-24 13:42:12',1),(928,'Instruction 928','2013-05-24 13:42:12','2013-05-24 13:42:12',1),(929,'Instruction 929','2013-05-24 13:42:12','2013-05-24 13:42:12',1),(930,'Instruction 930','2013-05-24 13:42:12','2013-05-24 13:42:12',1),(931,'Instruction 931','2013-05-24 13:42:12','2013-05-24 13:42:12',1),(932,'Instruction 932','2013-05-24 13:42:12','2013-05-24 13:42:12',1),(933,'Instruction 933','2013-05-24 13:42:12','2013-05-24 13:42:12',1),(934,'Instruction 934','2013-05-24 13:42:12','2013-05-24 13:42:12',1),(935,'Instruction 935','2013-05-24 13:42:12','2013-05-24 13:42:12',1),(936,'Instruction 936','2013-05-24 13:42:13','2013-05-24 13:42:13',1),(937,'Instruction 937','2013-05-24 13:42:13','2013-05-24 13:42:13',1),(938,'Instruction 938','2013-05-24 13:42:13','2013-05-24 13:42:13',1),(939,'Instruction 939','2013-05-24 13:42:13','2013-05-24 13:42:13',1),(940,'Instruction 940','2013-05-24 13:42:13','2013-05-24 13:42:13',1),(941,'Instruction 941','2013-05-24 13:42:13','2013-05-24 13:42:13',1),(942,'Instruction 942','2013-05-24 13:42:13','2013-05-24 13:42:13',1),(943,'Instruction 943','2013-05-24 13:42:13','2013-05-24 13:42:13',1),(944,'Instruction 944','2013-05-24 13:42:13','2013-05-24 13:42:13',1),(945,'Instruction 945','2013-05-24 13:42:13','2013-05-24 13:42:13',1),(946,'Instruction 946','2013-05-24 13:42:13','2013-05-24 13:42:13',1),(947,'Instruction 947','2013-05-24 13:42:13','2013-05-24 13:42:13',1),(948,'Instruction 948','2013-05-24 13:42:13','2013-05-24 13:42:13',1),(949,'Instruction 949','2013-05-24 13:42:13','2013-05-24 13:42:13',1),(950,'Instruction 950','2013-05-24 13:42:13','2013-05-24 13:42:13',1),(951,'Instruction 951','2013-05-24 13:42:13','2013-05-24 13:42:13',1),(952,'Instruction 952','2013-05-24 13:42:13','2013-05-24 13:42:13',1),(953,'Instruction 953','2013-05-24 13:42:13','2013-05-24 13:42:13',1),(954,'Instruction 954','2013-05-24 13:42:13','2013-05-24 13:42:13',1),(955,'Instruction 955','2013-05-24 13:42:13','2013-05-24 13:42:13',1),(956,'Instruction 956','2013-05-24 13:42:13','2013-05-24 13:42:13',1),(957,'Instruction 957','2013-05-24 13:42:13','2013-05-24 13:42:13',1),(958,'Instruction 958','2013-05-24 13:42:13','2013-05-24 13:42:13',1),(959,'Instruction 959','2013-05-24 13:42:13','2013-05-24 13:42:13',1),(960,'Instruction 960','2013-05-24 13:42:13','2013-05-24 13:42:13',1),(961,'Instruction 961','2013-05-24 13:42:14','2013-05-24 13:42:14',1),(962,'Instruction 962','2013-05-24 13:42:14','2013-05-24 13:42:14',1),(963,'Instruction 963','2013-05-24 13:42:14','2013-05-24 13:42:14',1),(964,'Instruction 964','2013-05-24 13:42:14','2013-05-24 13:42:14',1),(965,'Instruction 965','2013-05-24 13:42:14','2013-05-24 13:42:14',1),(966,'Instruction 966','2013-05-24 13:42:14','2013-05-24 13:42:14',1),(967,'Instruction 967','2013-05-24 13:42:14','2013-05-24 13:42:14',1),(968,'Instruction 968','2013-05-24 13:42:14','2013-05-24 13:42:14',1),(969,'Instruction 969','2013-05-24 13:42:14','2013-05-24 13:42:14',1),(970,'Instruction 970','2013-05-24 13:42:14','2013-05-24 13:42:14',1),(971,'Instruction 971','2013-05-24 13:42:14','2013-05-24 13:42:14',1),(972,'Instruction 972','2013-05-24 13:42:14','2013-05-24 13:42:14',1),(973,'Instruction 973','2013-05-24 13:42:14','2013-05-24 13:42:14',1),(974,'Instruction 974','2013-05-24 13:42:14','2013-05-24 13:42:14',1),(975,'Instruction 975','2013-05-24 13:42:14','2013-05-24 13:42:14',1),(976,'Instruction 976','2013-05-24 13:42:14','2013-05-24 13:42:14',1),(977,'Instruction 977','2013-05-24 13:42:14','2013-05-24 13:42:14',1),(978,'Instruction 978','2013-05-24 13:42:14','2013-05-24 13:42:14',1),(979,'Instruction 979','2013-05-24 13:42:14','2013-05-24 13:42:14',1),(980,'Instruction 980','2013-05-24 13:42:14','2013-05-24 13:42:14',1),(981,'Instruction 981','2013-05-24 13:42:14','2013-05-24 13:42:14',1),(982,'Instruction 982','2013-05-24 13:42:14','2013-05-24 13:42:14',1),(983,'Instruction 983','2013-05-24 13:42:14','2013-05-24 13:42:14',1),(984,'Instruction 984','2013-05-24 13:42:14','2013-05-24 13:42:14',1),(985,'Instruction 985','2013-05-24 13:42:14','2013-05-24 13:42:14',1),(986,'Instruction 986','2013-05-24 13:42:14','2013-05-24 13:42:14',1),(987,'Instruction 987','2013-05-24 13:42:14','2013-05-24 13:42:14',1),(988,'Instruction 988','2013-05-24 13:42:14','2013-05-24 13:42:14',1),(989,'Instruction 989','2013-05-24 13:42:14','2013-05-24 13:42:14',1),(990,'Instruction 990','2013-05-24 13:42:14','2013-05-24 13:42:14',1),(991,'Instruction 991','2013-05-24 13:42:14','2013-05-24 13:42:14',1),(992,'Instruction 992','2013-05-24 13:42:14','2013-05-24 13:42:14',1),(993,'Instruction 993','2013-05-24 13:42:14','2013-05-24 13:42:14',1),(994,'Instruction 994','2013-05-24 13:42:14','2013-05-24 13:42:14',1),(995,'Instruction 995','2013-05-24 13:42:15','2013-05-24 13:42:15',1),(996,'Instruction 996','2013-05-24 13:42:15','2013-05-24 13:42:15',1),(997,'Instruction 997','2013-05-24 13:42:15','2013-05-24 13:42:15',1),(998,'Instruction 998','2013-05-24 13:42:15','2013-05-24 13:42:15',1),(999,'Instruction 999','2013-05-24 13:42:15','2013-05-24 13:42:15',1),(1000,'Instruction 1000','2013-05-24 13:42:15','2013-05-24 13:42:15',1),(1001,'Instruction 1001','2013-05-24 13:42:15','2013-05-24 13:42:15',1),(1002,'Instruction 1002','2013-05-24 13:42:15','2013-05-24 13:42:15',1),(1003,'Instruction 1003','2013-05-24 13:42:15','2013-05-24 13:42:15',1),(1004,'Instruction 1004','2013-05-24 13:42:15','2013-05-24 13:42:15',1),(1005,'Instruction 1005','2013-05-24 13:42:15','2013-05-24 13:42:15',1),(1006,'Instruction 1006','2013-05-24 13:42:15','2013-05-24 13:42:15',1),(1007,'Instruction 1007','2013-05-24 13:42:15','2013-05-24 13:42:15',1),(1008,'Instruction 1008','2013-05-24 13:42:15','2013-05-24 13:42:15',1),(1009,'Instruction 1009','2013-05-24 13:42:15','2013-05-24 13:42:15',1),(1010,'Instruction 1010','2013-05-24 13:42:15','2013-05-24 13:42:15',1),(1011,'Instruction 1011','2013-05-24 13:42:15','2013-05-24 13:42:15',1),(1012,'Instruction 1012','2013-05-24 13:42:15','2013-05-24 13:42:15',1),(1013,'Instruction 1013','2013-05-24 13:42:15','2013-05-24 13:42:15',1),(1014,'Instruction 1014','2013-05-24 13:42:15','2013-05-24 13:42:15',1),(1015,'Instruction 1015','2013-05-24 13:42:15','2013-05-24 13:42:15',1),(1016,'Instruction 1016','2013-05-24 13:42:15','2013-05-24 13:42:15',1),(1017,'Instruction 1017','2013-05-24 13:42:15','2013-05-24 13:42:15',1),(1018,'Instruction 1018','2013-05-24 13:42:15','2013-05-24 13:42:15',1),(1019,'Instruction 1019','2013-05-24 13:42:15','2013-05-24 13:42:15',1),(1020,'Instruction 1020','2013-05-24 13:42:16','2013-05-24 13:42:16',1),(1021,'Instruction 1021','2013-05-24 13:42:16','2013-05-24 13:42:16',1),(1022,'Instruction 1022','2013-05-24 13:42:16','2013-05-24 13:42:16',1),(1023,'Instruction 1023','2013-05-24 13:42:16','2013-05-24 13:42:16',1),(1024,'Instruction 1024','2013-05-24 13:42:16','2013-05-24 13:42:16',1),(1025,'Instruction 1025','2013-05-24 13:42:16','2013-05-24 13:42:16',1),(1026,'Instruction 1026','2013-05-24 13:42:16','2013-05-24 13:42:16',1),(1027,'Instruction 1027','2013-05-24 13:42:16','2013-05-24 13:42:16',1),(1028,'Instruction 1028','2013-05-24 13:42:16','2013-05-24 13:42:16',1),(1029,'Instruction 1029','2013-05-24 13:42:16','2013-05-24 13:42:16',1),(1030,'Instruction 1030','2013-05-24 13:42:16','2013-05-24 13:42:16',1),(1031,'Instruction 1031','2013-05-24 13:42:16','2013-05-24 13:42:16',1),(1032,'Instruction 1032','2013-05-24 13:42:16','2013-05-24 13:42:16',1),(1033,'Instruction 1033','2013-05-24 13:42:16','2013-05-24 13:42:16',1),(1034,'Instruction 1034','2013-05-24 13:42:16','2013-05-24 13:42:16',1),(1035,'Instruction 1035','2013-05-24 13:42:16','2013-05-24 13:42:16',1),(1036,'Instruction 1036','2013-05-24 13:42:17','2013-05-24 13:42:17',1),(1037,'Instruction 1037','2013-05-24 13:42:17','2013-05-24 13:42:17',1),(1038,'Instruction 1038','2013-05-24 13:42:17','2013-05-24 13:42:17',1),(1039,'Instruction 1039','2013-05-24 13:42:17','2013-05-24 13:42:17',1),(1040,'Instruction 1040','2013-05-24 13:42:17','2013-05-24 13:42:17',1),(1041,'Instruction 1041','2013-05-24 13:42:17','2013-05-24 13:42:17',1),(1042,'Instruction 1042','2013-05-24 13:42:17','2013-05-24 13:42:17',1),(1043,'Instruction 1043','2013-05-24 13:42:17','2013-05-24 13:42:17',1),(1044,'Instruction 1044','2013-05-24 13:42:17','2013-05-24 13:42:17',1),(1045,'Instruction 1045','2013-05-24 13:42:17','2013-05-24 13:42:17',1),(1046,'Instruction 1046','2013-05-24 13:42:17','2013-05-24 13:42:17',1),(1047,'Instruction 1047','2013-05-24 13:42:17','2013-05-24 13:42:17',1),(1048,'Instruction 1048','2013-05-24 13:42:17','2013-05-24 13:42:17',1),(1049,'Instruction 1049','2013-05-24 13:42:17','2013-05-24 13:42:17',1),(1050,'Instruction 1050','2013-05-24 13:42:17','2013-05-24 13:42:17',1),(1051,'Instruction 1051','2013-05-24 13:42:17','2013-05-24 13:42:17',1),(1052,'Instruction 1052','2013-05-24 13:42:17','2013-05-24 13:42:17',1),(1053,'Instruction 1053','2013-05-24 13:42:17','2013-05-24 13:42:17',1),(1054,'Instruction 1054','2013-05-24 13:42:18','2013-05-24 13:42:18',1),(1055,'Instruction 1055','2013-05-24 13:42:18','2013-05-24 13:42:18',1),(1056,'Instruction 1056','2013-05-24 13:42:18','2013-05-24 13:42:18',1),(1057,'Instruction 1057','2013-05-24 13:42:18','2013-05-24 13:42:18',1),(1058,'Instruction 1058','2013-05-24 13:42:18','2013-05-24 13:42:18',1),(1059,'Instruction 1059','2013-05-24 13:42:18','2013-05-24 13:42:18',1),(1060,'Instruction 1060','2013-05-24 13:42:18','2013-05-24 13:42:18',1),(1061,'Instruction 1061','2013-05-24 13:42:18','2013-05-24 13:42:18',1),(1062,'Instruction 1062','2013-05-24 13:42:18','2013-05-24 13:42:18',1),(1063,'Instruction 1063','2013-05-24 13:42:18','2013-05-24 13:42:18',1),(1064,'Instruction 1064','2013-05-24 13:42:18','2013-05-24 13:42:18',1),(1065,'Instruction 1065','2013-05-24 13:42:18','2013-05-24 13:42:18',1),(1066,'Instruction 1066','2013-05-24 13:42:18','2013-05-24 13:42:18',1),(1067,'Instruction 1067','2013-05-24 13:42:18','2013-05-24 13:42:18',1),(1068,'Instruction 1068','2013-05-24 13:42:18','2013-05-24 13:42:18',1),(1069,'Instruction 1069','2013-05-24 13:42:18','2013-05-24 13:42:18',1),(1070,'Instruction 1070','2013-05-24 13:42:18','2013-05-24 13:42:18',1),(1071,'Instruction 1071','2013-05-24 13:42:18','2013-05-24 13:42:18',1),(1072,'Instruction 1072','2013-05-24 13:42:18','2013-05-24 13:42:18',1),(1073,'Instruction 1073','2013-05-24 13:42:18','2013-05-24 13:42:18',1),(1074,'Instruction 1074','2013-05-24 13:42:18','2013-05-24 13:42:18',1),(1075,'Instruction 1075','2013-05-24 13:42:18','2013-05-24 13:42:18',1),(1076,'Instruction 1076','2013-05-24 13:42:18','2013-05-24 13:42:18',1),(1077,'Instruction 1077','2013-05-24 13:42:18','2013-05-24 13:42:18',1),(1078,'Instruction 1078','2013-05-24 13:42:18','2013-05-24 13:42:18',1),(1079,'Instruction 1079','2013-05-24 13:42:18','2013-05-24 13:42:18',1),(1080,'Instruction 1080','2013-05-24 13:42:18','2013-05-24 13:42:18',1);
/*!40000 ALTER TABLE `instructions` ENABLE KEYS */;
UNLOCK TABLES;

--
-- Table structure for table `media_intensity_data`
--

DROP TABLE IF EXISTS `media_intensity_data`;
/*!40101 SET @saved_cs_client     = @@character_set_client */;
/*!40101 SET character_set_client = utf8 */;
CREATE TABLE `media_intensity_data` (
  `id` int(11) NOT NULL AUTO_INCREMENT,
  `num_points` int(11) DEFAULT '0',
  `duration_sec` int(11) DEFAULT '0',
  `min` int(11) DEFAULT '0',
  `max` int(11) DEFAULT '0',
  `mean` int(11) DEFAULT '0',
  `data` text,
  `created_at` datetime NOT NULL,
  `updated_at` datetime NOT NULL,
  PRIMARY KEY (`id`)
) ENGINE=InnoDB AUTO_INCREMENT=3 DEFAULT CHARSET=latin1;
/*!40101 SET character_set_client = @saved_cs_client */;

--
-- Dumping data for table `media_intensity_data`
--

LOCK TABLES `media_intensity_data` WRITE;
/*!40000 ALTER TABLE `media_intensity_data` DISABLE KEYS */;
INSERT INTO `media_intensity_data` VALUES (1,1,0,0,0,0,NULL,'2013-07-26 21:11:49','2013-07-26 21:11:49'),(2,7,0,0,0,0,NULL,'2013-07-26 21:11:50','2013-07-26 21:11:50');
/*!40000 ALTER TABLE `media_intensity_data` ENABLE KEYS */;
UNLOCK TABLES;

--
-- Table structure for table `schema_migrations`
--

DROP TABLE IF EXISTS `schema_migrations`;
/*!40101 SET @saved_cs_client     = @@character_set_client */;
/*!40101 SET character_set_client = utf8 */;
CREATE TABLE `schema_migrations` (
  `version` varchar(255) NOT NULL,
  UNIQUE KEY `unique_schema_migrations` (`version`)
) ENGINE=InnoDB DEFAULT CHARSET=latin1;
/*!40101 SET character_set_client = @saved_cs_client */;

--
-- Dumping data for table `schema_migrations`
--

LOCK TABLES `schema_migrations` WRITE;
/*!40000 ALTER TABLE `schema_migrations` DISABLE KEYS */;
INSERT INTO `schema_migrations` VALUES ('20130312042901'),('20130314153339'),('20130314153458'),('20130314155650'),('20130317144302'),('20130320060245'),('20130724230054');
/*!40000 ALTER TABLE `schema_migrations` ENABLE KEYS */;
UNLOCK TABLES;

--
-- Table structure for table `segment_instructions`
--

DROP TABLE IF EXISTS `segment_instructions`;
/*!40101 SET @saved_cs_client     = @@character_set_client */;
/*!40101 SET character_set_client = utf8 */;
CREATE TABLE `segment_instructions` (
  `id` int(11) NOT NULL AUTO_INCREMENT,
  `segment_id` int(11) DEFAULT NULL,
  `instruction_id` int(11) DEFAULT NULL,
  `offset` int(11) DEFAULT NULL,
  `created_at` datetime NOT NULL,
  `updated_at` datetime NOT NULL,
  PRIMARY KEY (`id`),
  KEY `fk_segment_instructions_instructions` (`instruction_id`),
  KEY `fk_segment_instructions_segments` (`segment_id`),
  CONSTRAINT `fk_segment_instructions_instructions` FOREIGN KEY (`instruction_id`) REFERENCES `instructions` (`id`),
  CONSTRAINT `fk_segment_instructions_segments` FOREIGN KEY (`segment_id`) REFERENCES `segments` (`id`)
) ENGINE=InnoDB AUTO_INCREMENT=1081 DEFAULT CHARSET=latin1;
/*!40101 SET character_set_client = @saved_cs_client */;

--
-- Dumping data for table `segment_instructions`
--

LOCK TABLES `segment_instructions` WRITE;
/*!40000 ALTER TABLE `segment_instructions` DISABLE KEYS */;
INSERT INTO `segment_instructions` VALUES (1,1,1,10,'2013-05-24 13:41:33','2013-05-24 13:41:33'),(2,1,2,20,'2013-05-24 13:41:33','2013-05-24 13:41:33'),(3,1,3,30,'2013-05-24 13:41:33','2013-05-24 13:41:33'),(4,1,4,40,'2013-05-24 13:41:33','2013-05-24 13:41:33'),(5,1,5,50,'2013-05-24 13:41:33','2013-05-24 13:41:33'),(6,2,6,60,'2013-05-24 13:41:34','2013-05-24 13:41:34'),(7,2,7,70,'2013-05-24 13:41:34','2013-05-24 13:41:34'),(8,2,8,80,'2013-05-24 13:41:34','2013-05-24 13:41:34'),(9,2,9,90,'2013-05-24 13:41:34','2013-05-24 13:41:34'),(10,2,10,100,'2013-05-24 13:41:34','2013-05-24 13:41:34'),(11,3,11,110,'2013-05-24 13:41:34','2013-05-24 13:41:34'),(12,3,12,120,'2013-05-24 13:41:34','2013-05-24 13:41:34'),(13,3,13,130,'2013-05-24 13:41:34','2013-05-24 13:41:34'),(14,3,14,140,'2013-05-24 13:41:34','2013-05-24 13:41:34'),(15,3,15,150,'2013-05-24 13:41:34','2013-05-24 13:41:34'),(16,4,16,160,'2013-05-24 13:41:34','2013-05-24 13:41:34'),(17,4,17,170,'2013-05-24 13:41:34','2013-05-24 13:41:34'),(18,4,18,180,'2013-05-24 13:41:34','2013-05-24 13:41:34'),(19,4,19,190,'2013-05-24 13:41:34','2013-05-24 13:41:34'),(20,4,20,200,'2013-05-24 13:41:34','2013-05-24 13:41:34'),(21,5,21,210,'2013-05-24 13:41:34','2013-05-24 13:41:34'),(22,5,22,220,'2013-05-24 13:41:34','2013-05-24 13:41:34'),(23,5,23,230,'2013-05-24 13:41:34','2013-05-24 13:41:34'),(24,5,24,240,'2013-05-24 13:41:34','2013-05-24 13:41:34'),(25,5,25,250,'2013-05-24 13:41:34','2013-05-24 13:41:34'),(26,6,26,260,'2013-05-24 13:41:34','2013-05-24 13:41:34'),(27,6,27,270,'2013-05-24 13:41:34','2013-05-24 13:41:34'),(28,6,28,280,'2013-05-24 13:41:34','2013-05-24 13:41:34'),(29,6,29,290,'2013-05-24 13:41:34','2013-05-24 13:41:34'),(30,6,30,300,'2013-05-24 13:41:34','2013-05-24 13:41:34'),(31,7,31,310,'2013-05-24 13:41:34','2013-05-24 13:41:34'),(32,7,32,320,'2013-05-24 13:41:34','2013-05-24 13:41:34'),(33,7,33,330,'2013-05-24 13:41:34','2013-05-24 13:41:34'),(34,7,34,340,'2013-05-24 13:41:34','2013-05-24 13:41:34'),(35,7,35,350,'2013-05-24 13:41:34','2013-05-24 13:41:34'),(36,8,36,360,'2013-05-24 13:41:34','2013-05-24 13:41:34'),(37,8,37,370,'2013-05-24 13:41:34','2013-05-24 13:41:34'),(38,8,38,380,'2013-05-24 13:41:34','2013-05-24 13:41:34'),(39,8,39,390,'2013-05-24 13:41:34','2013-05-24 13:41:34'),(40,8,40,400,'2013-05-24 13:41:34','2013-05-24 13:41:35'),(41,9,41,410,'2013-05-24 13:41:35','2013-05-24 13:41:35'),(42,9,42,420,'2013-05-24 13:41:35','2013-05-24 13:41:35'),(43,9,43,430,'2013-05-24 13:41:35','2013-05-24 13:41:35'),(44,9,44,440,'2013-05-24 13:41:35','2013-05-24 13:41:35'),(45,9,45,450,'2013-05-24 13:41:35','2013-05-24 13:41:35'),(46,10,46,460,'2013-05-24 13:41:35','2013-05-24 13:41:35'),(47,10,47,470,'2013-05-24 13:41:35','2013-05-24 13:41:35'),(48,10,48,480,'2013-05-24 13:41:35','2013-05-24 13:41:35'),(49,10,49,490,'2013-05-24 13:41:35','2013-05-24 13:41:35'),(50,10,50,500,'2013-05-24 13:41:35','2013-05-24 13:41:35'),(51,11,51,510,'2013-05-24 13:41:35','2013-05-24 13:41:35'),(52,11,52,520,'2013-05-24 13:41:35','2013-05-24 13:41:35'),(53,11,53,530,'2013-05-24 13:41:35','2013-05-24 13:41:35'),(54,11,54,540,'2013-05-24 13:41:35','2013-05-24 13:41:35'),(55,11,55,550,'2013-05-24 13:41:35','2013-05-24 13:41:35'),(56,12,56,560,'2013-05-24 13:41:35','2013-05-24 13:41:35'),(57,12,57,570,'2013-05-24 13:41:35','2013-05-24 13:41:35'),(58,12,58,580,'2013-05-24 13:41:35','2013-05-24 13:41:35'),(59,12,59,590,'2013-05-24 13:41:35','2013-05-24 13:41:35'),(60,12,60,600,'2013-05-24 13:41:35','2013-05-24 13:41:35'),(61,13,61,610,'2013-05-24 13:41:35','2013-05-24 13:41:35'),(62,13,62,620,'2013-05-24 13:41:35','2013-05-24 13:41:35'),(63,13,63,630,'2013-05-24 13:41:35','2013-05-24 13:41:35'),(64,13,64,640,'2013-05-24 13:41:35','2013-05-24 13:41:35'),(65,13,65,650,'2013-05-24 13:41:35','2013-05-24 13:41:35'),(66,14,66,660,'2013-05-24 13:41:35','2013-05-24 13:41:35'),(67,14,67,670,'2013-05-24 13:41:35','2013-05-24 13:41:35'),(68,14,68,680,'2013-05-24 13:41:35','2013-05-24 13:41:35'),(69,14,69,690,'2013-05-24 13:41:35','2013-05-24 13:41:35'),(70,14,70,700,'2013-05-24 13:41:35','2013-05-24 13:41:35'),(71,15,71,710,'2013-05-24 13:41:36','2013-05-24 13:41:36'),(72,15,72,720,'2013-05-24 13:41:36','2013-05-24 13:41:36'),(73,15,73,730,'2013-05-24 13:41:36','2013-05-24 13:41:36'),(74,15,74,740,'2013-05-24 13:41:36','2013-05-24 13:41:36'),(75,15,75,750,'2013-05-24 13:41:36','2013-05-24 13:41:36'),(76,16,76,760,'2013-05-24 13:41:36','2013-05-24 13:41:36'),(77,16,77,770,'2013-05-24 13:41:36','2013-05-24 13:41:36'),(78,16,78,780,'2013-05-24 13:41:36','2013-05-24 13:41:36'),(79,16,79,790,'2013-05-24 13:41:36','2013-05-24 13:41:36'),(80,16,80,800,'2013-05-24 13:41:36','2013-05-24 13:41:36'),(81,17,81,810,'2013-05-24 13:41:36','2013-05-24 13:41:36'),(82,17,82,820,'2013-05-24 13:41:36','2013-05-24 13:41:36'),(83,17,83,830,'2013-05-24 13:41:36','2013-05-24 13:41:36'),(84,17,84,840,'2013-05-24 13:41:36','2013-05-24 13:41:36'),(85,17,85,850,'2013-05-24 13:41:36','2013-05-24 13:41:36'),(86,18,86,860,'2013-05-24 13:41:36','2013-05-24 13:41:36'),(87,18,87,870,'2013-05-24 13:41:36','2013-05-24 13:41:36'),(88,18,88,880,'2013-05-24 13:41:36','2013-05-24 13:41:36'),(89,18,89,890,'2013-05-24 13:41:36','2013-05-24 13:41:36'),(90,18,90,900,'2013-05-24 13:41:36','2013-05-24 13:41:36'),(91,19,91,910,'2013-05-24 13:41:36','2013-05-24 13:41:36'),(92,19,92,920,'2013-05-24 13:41:36','2013-05-24 13:41:36'),(93,19,93,930,'2013-05-24 13:41:36','2013-05-24 13:41:36'),(94,19,94,940,'2013-05-24 13:41:36','2013-05-24 13:41:36'),(95,19,95,950,'2013-05-24 13:41:36','2013-05-24 13:41:36'),(96,20,96,960,'2013-05-24 13:41:36','2013-05-24 13:41:36'),(97,20,97,970,'2013-05-24 13:41:36','2013-05-24 13:41:36'),(98,20,98,980,'2013-05-24 13:41:36','2013-05-24 13:41:36'),(99,20,99,990,'2013-05-24 13:41:36','2013-05-24 13:41:36'),(100,20,100,1000,'2013-05-24 13:41:36','2013-05-24 13:41:36'),(101,21,101,1010,'2013-05-24 13:41:36','2013-05-24 13:41:36'),(102,21,102,1020,'2013-05-24 13:41:37','2013-05-24 13:41:37'),(103,21,103,1030,'2013-05-24 13:41:37','2013-05-24 13:41:37'),(104,21,104,1040,'2013-05-24 13:41:37','2013-05-24 13:41:37'),(105,21,105,1050,'2013-05-24 13:41:37','2013-05-24 13:41:37'),(106,22,106,1060,'2013-05-24 13:41:37','2013-05-24 13:41:37'),(107,22,107,1070,'2013-05-24 13:41:37','2013-05-24 13:41:37'),(108,22,108,1080,'2013-05-24 13:41:37','2013-05-24 13:41:37'),(109,22,109,1090,'2013-05-24 13:41:37','2013-05-24 13:41:37'),(110,22,110,1100,'2013-05-24 13:41:37','2013-05-24 13:41:37'),(111,23,111,1110,'2013-05-24 13:41:37','2013-05-24 13:41:37'),(112,23,112,1120,'2013-05-24 13:41:37','2013-05-24 13:41:37'),(113,23,113,1130,'2013-05-24 13:41:37','2013-05-24 13:41:37'),(114,23,114,1140,'2013-05-24 13:41:37','2013-05-24 13:41:37'),(115,23,115,1150,'2013-05-24 13:41:37','2013-05-24 13:41:37'),(116,24,116,1160,'2013-05-24 13:41:37','2013-05-24 13:41:37'),(117,24,117,1170,'2013-05-24 13:41:37','2013-05-24 13:41:37'),(118,24,118,1180,'2013-05-24 13:41:37','2013-05-24 13:41:37'),(119,24,119,1190,'2013-05-24 13:41:37','2013-05-24 13:41:37'),(120,24,120,1200,'2013-05-24 13:41:37','2013-05-24 13:41:37'),(121,25,121,1210,'2013-05-24 13:41:37','2013-05-24 13:41:37'),(122,25,122,1220,'2013-05-24 13:41:37','2013-05-24 13:41:37'),(123,25,123,1230,'2013-05-24 13:41:37','2013-05-24 13:41:37'),(124,25,124,1240,'2013-05-24 13:41:37','2013-05-24 13:41:37'),(125,25,125,1250,'2013-05-24 13:41:37','2013-05-24 13:41:37'),(126,26,126,1260,'2013-05-24 13:41:37','2013-05-24 13:41:37'),(127,26,127,1270,'2013-05-24 13:41:38','2013-05-24 13:41:38'),(128,26,128,1280,'2013-05-24 13:41:38','2013-05-24 13:41:38'),(129,26,129,1290,'2013-05-24 13:41:38','2013-05-24 13:41:38'),(130,26,130,1300,'2013-05-24 13:41:38','2013-05-24 13:41:38'),(131,27,131,1310,'2013-05-24 13:41:38','2013-05-24 13:41:38'),(132,27,132,1320,'2013-05-24 13:41:38','2013-05-24 13:41:38'),(133,27,133,1330,'2013-05-24 13:41:38','2013-05-24 13:41:38'),(134,27,134,1340,'2013-05-24 13:41:38','2013-05-24 13:41:38'),(135,27,135,1350,'2013-05-24 13:41:38','2013-05-24 13:41:38'),(136,28,136,1360,'2013-05-24 13:41:38','2013-05-24 13:41:38'),(137,28,137,1370,'2013-05-24 13:41:38','2013-05-24 13:41:38'),(138,28,138,1380,'2013-05-24 13:41:38','2013-05-24 13:41:38'),(139,28,139,1390,'2013-05-24 13:41:38','2013-05-24 13:41:38'),(140,28,140,1400,'2013-05-24 13:41:38','2013-05-24 13:41:38'),(141,29,141,1410,'2013-05-24 13:41:38','2013-05-24 13:41:38'),(142,29,142,1420,'2013-05-24 13:41:38','2013-05-24 13:41:38'),(143,29,143,1430,'2013-05-24 13:41:38','2013-05-24 13:41:38'),(144,29,144,1440,'2013-05-24 13:41:38','2013-05-24 13:41:38'),(145,29,145,1450,'2013-05-24 13:41:38','2013-05-24 13:41:38'),(146,30,146,1460,'2013-05-24 13:41:38','2013-05-24 13:41:38'),(147,30,147,1470,'2013-05-24 13:41:38','2013-05-24 13:41:38'),(148,30,148,1480,'2013-05-24 13:41:38','2013-05-24 13:41:38'),(149,30,149,1490,'2013-05-24 13:41:38','2013-05-24 13:41:38'),(150,30,150,1500,'2013-05-24 13:41:38','2013-05-24 13:41:38'),(151,31,151,1510,'2013-05-24 13:41:39','2013-05-24 13:41:39'),(152,31,152,1520,'2013-05-24 13:41:39','2013-05-24 13:41:39'),(153,31,153,1530,'2013-05-24 13:41:39','2013-05-24 13:41:39'),(154,31,154,1540,'2013-05-24 13:41:39','2013-05-24 13:41:39'),(155,31,155,1550,'2013-05-24 13:41:39','2013-05-24 13:41:39'),(156,32,156,1560,'2013-05-24 13:41:39','2013-05-24 13:41:39'),(157,32,157,1570,'2013-05-24 13:41:39','2013-05-24 13:41:39'),(158,32,158,1580,'2013-05-24 13:41:39','2013-05-24 13:41:39'),(159,32,159,1590,'2013-05-24 13:41:39','2013-05-24 13:41:39'),(160,32,160,1600,'2013-05-24 13:41:39','2013-05-24 13:41:39'),(161,33,161,1610,'2013-05-24 13:41:39','2013-05-24 13:41:39'),(162,33,162,1620,'2013-05-24 13:41:39','2013-05-24 13:41:39'),(163,33,163,1630,'2013-05-24 13:41:39','2013-05-24 13:41:39'),(164,33,164,1640,'2013-05-24 13:41:39','2013-05-24 13:41:39'),(165,33,165,1650,'2013-05-24 13:41:39','2013-05-24 13:41:39'),(166,34,166,1660,'2013-05-24 13:41:39','2013-05-24 13:41:39'),(167,34,167,1670,'2013-05-24 13:41:39','2013-05-24 13:41:39'),(168,34,168,1680,'2013-05-24 13:41:39','2013-05-24 13:41:39'),(169,34,169,1690,'2013-05-24 13:41:39','2013-05-24 13:41:39'),(170,34,170,1700,'2013-05-24 13:41:39','2013-05-24 13:41:39'),(171,35,171,1710,'2013-05-24 13:41:39','2013-05-24 13:41:39'),(172,35,172,1720,'2013-05-24 13:41:39','2013-05-24 13:41:39'),(173,35,173,1730,'2013-05-24 13:41:39','2013-05-24 13:41:39'),(174,35,174,1740,'2013-05-24 13:41:39','2013-05-24 13:41:39'),(175,35,175,1750,'2013-05-24 13:41:39','2013-05-24 13:41:39'),(176,36,176,1760,'2013-05-24 13:41:39','2013-05-24 13:41:40'),(177,36,177,1770,'2013-05-24 13:41:40','2013-05-24 13:41:40'),(178,36,178,1780,'2013-05-24 13:41:40','2013-05-24 13:41:40'),(179,36,179,1790,'2013-05-24 13:41:40','2013-05-24 13:41:40'),(180,36,180,1800,'2013-05-24 13:41:40','2013-05-24 13:41:40'),(181,37,181,1810,'2013-05-24 13:41:40','2013-05-24 13:41:40'),(182,37,182,1820,'2013-05-24 13:41:40','2013-05-24 13:41:40'),(183,37,183,1830,'2013-05-24 13:41:40','2013-05-24 13:41:40'),(184,37,184,1840,'2013-05-24 13:41:40','2013-05-24 13:41:40'),(185,37,185,1850,'2013-05-24 13:41:40','2013-05-24 13:41:40'),(186,38,186,1860,'2013-05-24 13:41:40','2013-05-24 13:41:41'),(187,38,187,1870,'2013-05-24 13:41:41','2013-05-24 13:41:41'),(188,38,188,1880,'2013-05-24 13:41:41','2013-05-24 13:41:41'),(189,38,189,1890,'2013-05-24 13:41:41','2013-05-24 13:41:41'),(190,38,190,1900,'2013-05-24 13:41:41','2013-05-24 13:41:41'),(191,39,191,1910,'2013-05-24 13:41:41','2013-05-24 13:41:41'),(192,39,192,1920,'2013-05-24 13:41:41','2013-05-24 13:41:41'),(193,39,193,1930,'2013-05-24 13:41:41','2013-05-24 13:41:41'),(194,39,194,1940,'2013-05-24 13:41:41','2013-05-24 13:41:41'),(195,39,195,1950,'2013-05-24 13:41:41','2013-05-24 13:41:41'),(196,40,196,1960,'2013-05-24 13:41:41','2013-05-24 13:41:41'),(197,40,197,1970,'2013-05-24 13:41:41','2013-05-24 13:41:41'),(198,40,198,1980,'2013-05-24 13:41:41','2013-05-24 13:41:41'),(199,40,199,1990,'2013-05-24 13:41:41','2013-05-24 13:41:41'),(200,40,200,2000,'2013-05-24 13:41:41','2013-05-24 13:41:41'),(201,41,201,2010,'2013-05-24 13:41:41','2013-05-24 13:41:41'),(202,41,202,2020,'2013-05-24 13:41:41','2013-05-24 13:41:41'),(203,41,203,2030,'2013-05-24 13:41:41','2013-05-24 13:41:41'),(204,41,204,2040,'2013-05-24 13:41:41','2013-05-24 13:41:41'),(205,41,205,2050,'2013-05-24 13:41:41','2013-05-24 13:41:41'),(206,42,206,2060,'2013-05-24 13:41:41','2013-05-24 13:41:41'),(207,42,207,2070,'2013-05-24 13:41:41','2013-05-24 13:41:41'),(208,42,208,2080,'2013-05-24 13:41:41','2013-05-24 13:41:41'),(209,42,209,2090,'2013-05-24 13:41:41','2013-05-24 13:41:41'),(210,42,210,2100,'2013-05-24 13:41:41','2013-05-24 13:41:41'),(211,43,211,2110,'2013-05-24 13:41:41','2013-05-24 13:41:41'),(212,43,212,2120,'2013-05-24 13:41:41','2013-05-24 13:41:41'),(213,43,213,2130,'2013-05-24 13:41:41','2013-05-24 13:41:41'),(214,43,214,2140,'2013-05-24 13:41:41','2013-05-24 13:41:41'),(215,43,215,2150,'2013-05-24 13:41:42','2013-05-24 13:41:42'),(216,44,216,2160,'2013-05-24 13:41:42','2013-05-24 13:41:42'),(217,44,217,2170,'2013-05-24 13:41:42','2013-05-24 13:41:42'),(218,44,218,2180,'2013-05-24 13:41:42','2013-05-24 13:41:42'),(219,44,219,2190,'2013-05-24 13:41:42','2013-05-24 13:41:42'),(220,44,220,2200,'2013-05-24 13:41:42','2013-05-24 13:41:42'),(221,45,221,2210,'2013-05-24 13:41:42','2013-05-24 13:41:42'),(222,45,222,2220,'2013-05-24 13:41:42','2013-05-24 13:41:42'),(223,45,223,2230,'2013-05-24 13:41:42','2013-05-24 13:41:42'),(224,45,224,2240,'2013-05-24 13:41:42','2013-05-24 13:41:42'),(225,45,225,2250,'2013-05-24 13:41:42','2013-05-24 13:41:42'),(226,46,226,2260,'2013-05-24 13:41:42','2013-05-24 13:41:42'),(227,46,227,2270,'2013-05-24 13:41:42','2013-05-24 13:41:42'),(228,46,228,2280,'2013-05-24 13:41:42','2013-05-24 13:41:42'),(229,46,229,2290,'2013-05-24 13:41:42','2013-05-24 13:41:42'),(230,46,230,2300,'2013-05-24 13:41:42','2013-05-24 13:41:42'),(231,47,231,2310,'2013-05-24 13:41:42','2013-05-24 13:41:42'),(232,47,232,2320,'2013-05-24 13:41:42','2013-05-24 13:41:42'),(233,47,233,2330,'2013-05-24 13:41:42','2013-05-24 13:41:42'),(234,47,234,2340,'2013-05-24 13:41:42','2013-05-24 13:41:42'),(235,47,235,2350,'2013-05-24 13:41:42','2013-05-24 13:41:42'),(236,48,236,2360,'2013-05-24 13:41:42','2013-05-24 13:41:42'),(237,48,237,2370,'2013-05-24 13:41:42','2013-05-24 13:41:42'),(238,48,238,2380,'2013-05-24 13:41:42','2013-05-24 13:41:42'),(239,48,239,2390,'2013-05-24 13:41:42','2013-05-24 13:41:42'),(240,48,240,2400,'2013-05-24 13:41:42','2013-05-24 13:41:42'),(241,49,241,2410,'2013-05-24 13:41:42','2013-05-24 13:41:42'),(242,49,242,2420,'2013-05-24 13:41:42','2013-05-24 13:41:42'),(243,49,243,2430,'2013-05-24 13:41:42','2013-05-24 13:41:42'),(244,49,244,2440,'2013-05-24 13:41:42','2013-05-24 13:41:42'),(245,49,245,2450,'2013-05-24 13:41:42','2013-05-24 13:41:42'),(246,50,246,2460,'2013-05-24 13:41:42','2013-05-24 13:41:42'),(247,50,247,2470,'2013-05-24 13:41:42','2013-05-24 13:41:42'),(248,50,248,2480,'2013-05-24 13:41:42','2013-05-24 13:41:42'),(249,50,249,2490,'2013-05-24 13:41:42','2013-05-24 13:41:42'),(250,50,250,2500,'2013-05-24 13:41:42','2013-05-24 13:41:42'),(251,51,251,2510,'2013-05-24 13:41:42','2013-05-24 13:41:43'),(252,51,252,2520,'2013-05-24 13:41:43','2013-05-24 13:41:43'),(253,51,253,2530,'2013-05-24 13:41:43','2013-05-24 13:41:43'),(254,51,254,2540,'2013-05-24 13:41:43','2013-05-24 13:41:43'),(255,51,255,2550,'2013-05-24 13:41:43','2013-05-24 13:41:43'),(256,52,256,2560,'2013-05-24 13:41:43','2013-05-24 13:41:43'),(257,52,257,2570,'2013-05-24 13:41:43','2013-05-24 13:41:43'),(258,52,258,2580,'2013-05-24 13:41:43','2013-05-24 13:41:43'),(259,52,259,2590,'2013-05-24 13:41:43','2013-05-24 13:41:43'),(260,52,260,2600,'2013-05-24 13:41:43','2013-05-24 13:41:43'),(261,53,261,2610,'2013-05-24 13:41:43','2013-05-24 13:41:43'),(262,53,262,2620,'2013-05-24 13:41:43','2013-05-24 13:41:43'),(263,53,263,2630,'2013-05-24 13:41:43','2013-05-24 13:41:43'),(264,53,264,2640,'2013-05-24 13:41:43','2013-05-24 13:41:43'),(265,53,265,2650,'2013-05-24 13:41:43','2013-05-24 13:41:43'),(266,54,266,2660,'2013-05-24 13:41:43','2013-05-24 13:41:43'),(267,54,267,2670,'2013-05-24 13:41:43','2013-05-24 13:41:43'),(268,54,268,2680,'2013-05-24 13:41:43','2013-05-24 13:41:43'),(269,54,269,2690,'2013-05-24 13:41:43','2013-05-24 13:41:43'),(270,54,270,2700,'2013-05-24 13:41:43','2013-05-24 13:41:43'),(271,55,271,2710,'2013-05-24 13:41:43','2013-05-24 13:41:43'),(272,55,272,2720,'2013-05-24 13:41:43','2013-05-24 13:41:43'),(273,55,273,2730,'2013-05-24 13:41:43','2013-05-24 13:41:43'),(274,55,274,2740,'2013-05-24 13:41:43','2013-05-24 13:41:43'),(275,55,275,2750,'2013-05-24 13:41:43','2013-05-24 13:41:43'),(276,56,276,2760,'2013-05-24 13:41:43','2013-05-24 13:41:43'),(277,56,277,2770,'2013-05-24 13:41:43','2013-05-24 13:41:43'),(278,56,278,2780,'2013-05-24 13:41:43','2013-05-24 13:41:43'),(279,56,279,2790,'2013-05-24 13:41:43','2013-05-24 13:41:43'),(280,56,280,2800,'2013-05-24 13:41:43','2013-05-24 13:41:43'),(281,57,281,2810,'2013-05-24 13:41:43','2013-05-24 13:41:43'),(282,57,282,2820,'2013-05-24 13:41:43','2013-05-24 13:41:44'),(283,57,283,2830,'2013-05-24 13:41:44','2013-05-24 13:41:44'),(284,57,284,2840,'2013-05-24 13:41:44','2013-05-24 13:41:44'),(285,57,285,2850,'2013-05-24 13:41:44','2013-05-24 13:41:44'),(286,58,286,2860,'2013-05-24 13:41:44','2013-05-24 13:41:44'),(287,58,287,2870,'2013-05-24 13:41:44','2013-05-24 13:41:44'),(288,58,288,2880,'2013-05-24 13:41:44','2013-05-24 13:41:44'),(289,58,289,2890,'2013-05-24 13:41:44','2013-05-24 13:41:44'),(290,58,290,2900,'2013-05-24 13:41:44','2013-05-24 13:41:44'),(291,59,291,2910,'2013-05-24 13:41:44','2013-05-24 13:41:44'),(292,59,292,2920,'2013-05-24 13:41:44','2013-05-24 13:41:44'),(293,59,293,2930,'2013-05-24 13:41:44','2013-05-24 13:41:44'),(294,59,294,2940,'2013-05-24 13:41:44','2013-05-24 13:41:44'),(295,59,295,2950,'2013-05-24 13:41:44','2013-05-24 13:41:44'),(296,60,296,2960,'2013-05-24 13:41:44','2013-05-24 13:41:44'),(297,60,297,2970,'2013-05-24 13:41:44','2013-05-24 13:41:44'),(298,60,298,2980,'2013-05-24 13:41:44','2013-05-24 13:41:44'),(299,60,299,2990,'2013-05-24 13:41:44','2013-05-24 13:41:44'),(300,60,300,3000,'2013-05-24 13:41:44','2013-05-24 13:41:44'),(301,61,301,3010,'2013-05-24 13:41:44','2013-05-24 13:41:44'),(302,61,302,3020,'2013-05-24 13:41:44','2013-05-24 13:41:44'),(303,61,303,3030,'2013-05-24 13:41:44','2013-05-24 13:41:44'),(304,61,304,3040,'2013-05-24 13:41:44','2013-05-24 13:41:44'),(305,61,305,3050,'2013-05-24 13:41:44','2013-05-24 13:41:44'),(306,62,306,3060,'2013-05-24 13:41:44','2013-05-24 13:41:44'),(307,62,307,3070,'2013-05-24 13:41:44','2013-05-24 13:41:44'),(308,62,308,3080,'2013-05-24 13:41:44','2013-05-24 13:41:44'),(309,62,309,3090,'2013-05-24 13:41:44','2013-05-24 13:41:44'),(310,62,310,3100,'2013-05-24 13:41:44','2013-05-24 13:41:44'),(311,63,311,3110,'2013-05-24 13:41:44','2013-05-24 13:41:44'),(312,63,312,3120,'2013-05-24 13:41:44','2013-05-24 13:41:44'),(313,63,313,3130,'2013-05-24 13:41:44','2013-05-24 13:41:44'),(314,63,314,3140,'2013-05-24 13:41:44','2013-05-24 13:41:44'),(315,63,315,3150,'2013-05-24 13:41:44','2013-05-24 13:41:44'),(316,64,316,3160,'2013-05-24 13:41:44','2013-05-24 13:41:44'),(317,64,317,3170,'2013-05-24 13:41:44','2013-05-24 13:41:44'),(318,64,318,3180,'2013-05-24 13:41:44','2013-05-24 13:41:44'),(319,64,319,3190,'2013-05-24 13:41:44','2013-05-24 13:41:44'),(320,64,320,3200,'2013-05-24 13:41:44','2013-05-24 13:41:44'),(321,65,321,3210,'2013-05-24 13:41:45','2013-05-24 13:41:45'),(322,65,322,3220,'2013-05-24 13:41:45','2013-05-24 13:41:45'),(323,65,323,3230,'2013-05-24 13:41:45','2013-05-24 13:41:45'),(324,65,324,3240,'2013-05-24 13:41:45','2013-05-24 13:41:45'),(325,65,325,3250,'2013-05-24 13:41:45','2013-05-24 13:41:45'),(326,66,326,3260,'2013-05-24 13:41:45','2013-05-24 13:41:45'),(327,66,327,3270,'2013-05-24 13:41:45','2013-05-24 13:41:45'),(328,66,328,3280,'2013-05-24 13:41:45','2013-05-24 13:41:45'),(329,66,329,3290,'2013-05-24 13:41:45','2013-05-24 13:41:45'),(330,66,330,3300,'2013-05-24 13:41:45','2013-05-24 13:41:45'),(331,67,331,3310,'2013-05-24 13:41:45','2013-05-24 13:41:45'),(332,67,332,3320,'2013-05-24 13:41:45','2013-05-24 13:41:45'),(333,67,333,3330,'2013-05-24 13:41:45','2013-05-24 13:41:45'),(334,67,334,3340,'2013-05-24 13:41:45','2013-05-24 13:41:45'),(335,67,335,3350,'2013-05-24 13:41:45','2013-05-24 13:41:45'),(336,68,336,3360,'2013-05-24 13:41:45','2013-05-24 13:41:45'),(337,68,337,3370,'2013-05-24 13:41:45','2013-05-24 13:41:45'),(338,68,338,3380,'2013-05-24 13:41:45','2013-05-24 13:41:45'),(339,68,339,3390,'2013-05-24 13:41:45','2013-05-24 13:41:45'),(340,68,340,3400,'2013-05-24 13:41:45','2013-05-24 13:41:45'),(341,69,341,3410,'2013-05-24 13:41:45','2013-05-24 13:41:45'),(342,69,342,3420,'2013-05-24 13:41:45','2013-05-24 13:41:45'),(343,69,343,3430,'2013-05-24 13:41:45','2013-05-24 13:41:45'),(344,69,344,3440,'2013-05-24 13:41:45','2013-05-24 13:41:45'),(345,69,345,3450,'2013-05-24 13:41:45','2013-05-24 13:41:45'),(346,70,346,3460,'2013-05-24 13:41:45','2013-05-24 13:41:45'),(347,70,347,3470,'2013-05-24 13:41:45','2013-05-24 13:41:45'),(348,70,348,3480,'2013-05-24 13:41:45','2013-05-24 13:41:45'),(349,70,349,3490,'2013-05-24 13:41:45','2013-05-24 13:41:45'),(350,70,350,3500,'2013-05-24 13:41:45','2013-05-24 13:41:45'),(351,71,351,3510,'2013-05-24 13:41:45','2013-05-24 13:41:45'),(352,71,352,3520,'2013-05-24 13:41:45','2013-05-24 13:41:45'),(353,71,353,3530,'2013-05-24 13:41:45','2013-05-24 13:41:45'),(354,71,354,3540,'2013-05-24 13:41:45','2013-05-24 13:41:45'),(355,71,355,3550,'2013-05-24 13:41:45','2013-05-24 13:41:45'),(356,72,356,3560,'2013-05-24 13:41:45','2013-05-24 13:41:45'),(357,72,357,3570,'2013-05-24 13:41:45','2013-05-24 13:41:45'),(358,72,358,3580,'2013-05-24 13:41:45','2013-05-24 13:41:45'),(359,72,359,3590,'2013-05-24 13:41:45','2013-05-24 13:41:45'),(360,72,360,3600,'2013-05-24 13:41:45','2013-05-24 13:41:45'),(361,73,361,3610,'2013-05-24 13:41:46','2013-05-24 13:41:46'),(362,73,362,3620,'2013-05-24 13:41:46','2013-05-24 13:41:46'),(363,73,363,3630,'2013-05-24 13:41:46','2013-05-24 13:41:46'),(364,73,364,3640,'2013-05-24 13:41:46','2013-05-24 13:41:46'),(365,73,365,3650,'2013-05-24 13:41:46','2013-05-24 13:41:46'),(366,74,366,3660,'2013-05-24 13:41:46','2013-05-24 13:41:46'),(367,74,367,3670,'2013-05-24 13:41:46','2013-05-24 13:41:46'),(368,74,368,3680,'2013-05-24 13:41:46','2013-05-24 13:41:46'),(369,74,369,3690,'2013-05-24 13:41:46','2013-05-24 13:41:46'),(370,74,370,3700,'2013-05-24 13:41:46','2013-05-24 13:41:46'),(371,75,371,3710,'2013-05-24 13:41:46','2013-05-24 13:41:46'),(372,75,372,3720,'2013-05-24 13:41:46','2013-05-24 13:41:46'),(373,75,373,3730,'2013-05-24 13:41:46','2013-05-24 13:41:46'),(374,75,374,3740,'2013-05-24 13:41:46','2013-05-24 13:41:46'),(375,75,375,3750,'2013-05-24 13:41:46','2013-05-24 13:41:46'),(376,76,376,3760,'2013-05-24 13:41:46','2013-05-24 13:41:46'),(377,76,377,3770,'2013-05-24 13:41:46','2013-05-24 13:41:46'),(378,76,378,3780,'2013-05-24 13:41:46','2013-05-24 13:41:46'),(379,76,379,3790,'2013-05-24 13:41:46','2013-05-24 13:41:46'),(380,76,380,3800,'2013-05-24 13:41:46','2013-05-24 13:41:46'),(381,77,381,3810,'2013-05-24 13:41:46','2013-05-24 13:41:46'),(382,77,382,3820,'2013-05-24 13:41:46','2013-05-24 13:41:46'),(383,77,383,3830,'2013-05-24 13:41:46','2013-05-24 13:41:46'),(384,77,384,3840,'2013-05-24 13:41:46','2013-05-24 13:41:46'),(385,77,385,3850,'2013-05-24 13:41:46','2013-05-24 13:41:46'),(386,78,386,3860,'2013-05-24 13:41:46','2013-05-24 13:41:46'),(387,78,387,3870,'2013-05-24 13:41:46','2013-05-24 13:41:46'),(388,78,388,3880,'2013-05-24 13:41:46','2013-05-24 13:41:46'),(389,78,389,3890,'2013-05-24 13:41:46','2013-05-24 13:41:46'),(390,78,390,3900,'2013-05-24 13:41:46','2013-05-24 13:41:46'),(391,79,391,3910,'2013-05-24 13:41:46','2013-05-24 13:41:46'),(392,79,392,3920,'2013-05-24 13:41:46','2013-05-24 13:41:46'),(393,79,393,3930,'2013-05-24 13:41:46','2013-05-24 13:41:46'),(394,79,394,3940,'2013-05-24 13:41:46','2013-05-24 13:41:46'),(395,79,395,3950,'2013-05-24 13:41:46','2013-05-24 13:41:46'),(396,80,396,3960,'2013-05-24 13:41:46','2013-05-24 13:41:46'),(397,80,397,3970,'2013-05-24 13:41:46','2013-05-24 13:41:46'),(398,80,398,3980,'2013-05-24 13:41:46','2013-05-24 13:41:46'),(399,80,399,3990,'2013-05-24 13:41:46','2013-05-24 13:41:46'),(400,80,400,4000,'2013-05-24 13:41:46','2013-05-24 13:41:46'),(401,81,401,4010,'2013-05-24 13:41:46','2013-05-24 13:41:46'),(402,81,402,4020,'2013-05-24 13:41:46','2013-05-24 13:41:46'),(403,81,403,4030,'2013-05-24 13:41:46','2013-05-24 13:41:46'),(404,81,404,4040,'2013-05-24 13:41:47','2013-05-24 13:41:47'),(405,81,405,4050,'2013-05-24 13:41:47','2013-05-24 13:41:47'),(406,82,406,4060,'2013-05-24 13:41:47','2013-05-24 13:41:47'),(407,82,407,4070,'2013-05-24 13:41:47','2013-05-24 13:41:47'),(408,82,408,4080,'2013-05-24 13:41:47','2013-05-24 13:41:47'),(409,82,409,4090,'2013-05-24 13:41:47','2013-05-24 13:41:47'),(410,82,410,4100,'2013-05-24 13:41:47','2013-05-24 13:41:47'),(411,83,411,4110,'2013-05-24 13:41:47','2013-05-24 13:41:47'),(412,83,412,4120,'2013-05-24 13:41:47','2013-05-24 13:41:47'),(413,83,413,4130,'2013-05-24 13:41:47','2013-05-24 13:41:47'),(414,83,414,4140,'2013-05-24 13:41:47','2013-05-24 13:41:47'),(415,83,415,4150,'2013-05-24 13:41:47','2013-05-24 13:41:47'),(416,84,416,4160,'2013-05-24 13:41:47','2013-05-24 13:41:47'),(417,84,417,4170,'2013-05-24 13:41:47','2013-05-24 13:41:47'),(418,84,418,4180,'2013-05-24 13:41:47','2013-05-24 13:41:47'),(419,84,419,4190,'2013-05-24 13:41:47','2013-05-24 13:41:47'),(420,84,420,4200,'2013-05-24 13:41:47','2013-05-24 13:41:47'),(421,85,421,4210,'2013-05-24 13:41:47','2013-05-24 13:41:47'),(422,85,422,4220,'2013-05-24 13:41:47','2013-05-24 13:41:47'),(423,85,423,4230,'2013-05-24 13:41:47','2013-05-24 13:41:47'),(424,85,424,4240,'2013-05-24 13:41:47','2013-05-24 13:41:47'),(425,85,425,4250,'2013-05-24 13:41:47','2013-05-24 13:41:47'),(426,86,426,4260,'2013-05-24 13:41:47','2013-05-24 13:41:47'),(427,86,427,4270,'2013-05-24 13:41:47','2013-05-24 13:41:47'),(428,86,428,4280,'2013-05-24 13:41:47','2013-05-24 13:41:48'),(429,86,429,4290,'2013-05-24 13:41:48','2013-05-24 13:41:48'),(430,86,430,4300,'2013-05-24 13:41:48','2013-05-24 13:41:48'),(431,87,431,4310,'2013-05-24 13:41:48','2013-05-24 13:41:48'),(432,87,432,4320,'2013-05-24 13:41:48','2013-05-24 13:41:48'),(433,87,433,4330,'2013-05-24 13:41:48','2013-05-24 13:41:48'),(434,87,434,4340,'2013-05-24 13:41:48','2013-05-24 13:41:48'),(435,87,435,4350,'2013-05-24 13:41:48','2013-05-24 13:41:48'),(436,88,436,4360,'2013-05-24 13:41:48','2013-05-24 13:41:48'),(437,88,437,4370,'2013-05-24 13:41:48','2013-05-24 13:41:48'),(438,88,438,4380,'2013-05-24 13:41:48','2013-05-24 13:41:48'),(439,88,439,4390,'2013-05-24 13:41:48','2013-05-24 13:41:48'),(440,88,440,4400,'2013-05-24 13:41:48','2013-05-24 13:41:48'),(441,89,441,4410,'2013-05-24 13:41:48','2013-05-24 13:41:48'),(442,89,442,4420,'2013-05-24 13:41:48','2013-05-24 13:41:48'),(443,89,443,4430,'2013-05-24 13:41:48','2013-05-24 13:41:48'),(444,89,444,4440,'2013-05-24 13:41:48','2013-05-24 13:41:48'),(445,89,445,4450,'2013-05-24 13:41:48','2013-05-24 13:41:48'),(446,90,446,4460,'2013-05-24 13:41:48','2013-05-24 13:41:48'),(447,90,447,4470,'2013-05-24 13:41:48','2013-05-24 13:41:48'),(448,90,448,4480,'2013-05-24 13:41:48','2013-05-24 13:41:48'),(449,90,449,4490,'2013-05-24 13:41:48','2013-05-24 13:41:48'),(450,90,450,4500,'2013-05-24 13:41:48','2013-05-24 13:41:48'),(451,91,451,4510,'2013-05-24 13:41:49','2013-05-24 13:41:49'),(452,91,452,4520,'2013-05-24 13:41:49','2013-05-24 13:41:49'),(453,91,453,4530,'2013-05-24 13:41:49','2013-05-24 13:41:49'),(454,91,454,4540,'2013-05-24 13:41:49','2013-05-24 13:41:49'),(455,91,455,4550,'2013-05-24 13:41:49','2013-05-24 13:41:49'),(456,92,456,4560,'2013-05-24 13:41:49','2013-05-24 13:41:49'),(457,92,457,4570,'2013-05-24 13:41:49','2013-05-24 13:41:49'),(458,92,458,4580,'2013-05-24 13:41:49','2013-05-24 13:41:49'),(459,92,459,4590,'2013-05-24 13:41:49','2013-05-24 13:41:49'),(460,92,460,4600,'2013-05-24 13:41:49','2013-05-24 13:41:49'),(461,93,461,4610,'2013-05-24 13:41:49','2013-05-24 13:41:49'),(462,93,462,4620,'2013-05-24 13:41:49','2013-05-24 13:41:49'),(463,93,463,4630,'2013-05-24 13:41:49','2013-05-24 13:41:49'),(464,93,464,4640,'2013-05-24 13:41:49','2013-05-24 13:41:49'),(465,93,465,4650,'2013-05-24 13:41:49','2013-05-24 13:41:49'),(466,94,466,4660,'2013-05-24 13:41:49','2013-05-24 13:41:49'),(467,94,467,4670,'2013-05-24 13:41:49','2013-05-24 13:41:49'),(468,94,468,4680,'2013-05-24 13:41:49','2013-05-24 13:41:49'),(469,94,469,4690,'2013-05-24 13:41:49','2013-05-24 13:41:49'),(470,94,470,4700,'2013-05-24 13:41:50','2013-05-24 13:41:50'),(471,95,471,4710,'2013-05-24 13:41:50','2013-05-24 13:41:50'),(472,95,472,4720,'2013-05-24 13:41:50','2013-05-24 13:41:50'),(473,95,473,4730,'2013-05-24 13:41:50','2013-05-24 13:41:50'),(474,95,474,4740,'2013-05-24 13:41:50','2013-05-24 13:41:50'),(475,95,475,4750,'2013-05-24 13:41:50','2013-05-24 13:41:50'),(476,96,476,4760,'2013-05-24 13:41:50','2013-05-24 13:41:50'),(477,96,477,4770,'2013-05-24 13:41:50','2013-05-24 13:41:50'),(478,96,478,4780,'2013-05-24 13:41:50','2013-05-24 13:41:50'),(479,96,479,4790,'2013-05-24 13:41:50','2013-05-24 13:41:50'),(480,96,480,4800,'2013-05-24 13:41:50','2013-05-24 13:41:50'),(481,97,481,4810,'2013-05-24 13:41:50','2013-05-24 13:41:50'),(482,97,482,4820,'2013-05-24 13:41:50','2013-05-24 13:41:50'),(483,97,483,4830,'2013-05-24 13:41:50','2013-05-24 13:41:50'),(484,97,484,4840,'2013-05-24 13:41:50','2013-05-24 13:41:50'),(485,97,485,4850,'2013-05-24 13:41:50','2013-05-24 13:41:50'),(486,98,486,4860,'2013-05-24 13:41:50','2013-05-24 13:41:51'),(487,98,487,4870,'2013-05-24 13:41:51','2013-05-24 13:41:51'),(488,98,488,4880,'2013-05-24 13:41:51','2013-05-24 13:41:51'),(489,98,489,4890,'2013-05-24 13:41:51','2013-05-24 13:41:51'),(490,98,490,4900,'2013-05-24 13:41:51','2013-05-24 13:41:51'),(491,99,491,4910,'2013-05-24 13:41:51','2013-05-24 13:41:51'),(492,99,492,4920,'2013-05-24 13:41:51','2013-05-24 13:41:51'),(493,99,493,4930,'2013-05-24 13:41:51','2013-05-24 13:41:51'),(494,99,494,4940,'2013-05-24 13:41:51','2013-05-24 13:41:51'),(495,99,495,4950,'2013-05-24 13:41:51','2013-05-24 13:41:51'),(496,100,496,4960,'2013-05-24 13:41:51','2013-05-24 13:41:51'),(497,100,497,4970,'2013-05-24 13:41:51','2013-05-24 13:41:51'),(498,100,498,4980,'2013-05-24 13:41:51','2013-05-24 13:41:51'),(499,100,499,4990,'2013-05-24 13:41:51','2013-05-24 13:41:51'),(500,100,500,5000,'2013-05-24 13:41:51','2013-05-24 13:41:51'),(501,101,501,5010,'2013-05-24 13:41:51','2013-05-24 13:41:51'),(502,101,502,5020,'2013-05-24 13:41:51','2013-05-24 13:41:51'),(503,101,503,5030,'2013-05-24 13:41:51','2013-05-24 13:41:51'),(504,101,504,5040,'2013-05-24 13:41:51','2013-05-24 13:41:51'),(505,101,505,5050,'2013-05-24 13:41:51','2013-05-24 13:41:51'),(506,102,506,5060,'2013-05-24 13:41:51','2013-05-24 13:41:51'),(507,102,507,5070,'2013-05-24 13:41:51','2013-05-24 13:41:51'),(508,102,508,5080,'2013-05-24 13:41:51','2013-05-24 13:41:51'),(509,102,509,5090,'2013-05-24 13:41:51','2013-05-24 13:41:51'),(510,102,510,5100,'2013-05-24 13:41:51','2013-05-24 13:41:51'),(511,103,511,5110,'2013-05-24 13:41:52','2013-05-24 13:41:52'),(512,103,512,5120,'2013-05-24 13:41:52','2013-05-24 13:41:52'),(513,103,513,5130,'2013-05-24 13:41:52','2013-05-24 13:41:52'),(514,103,514,5140,'2013-05-24 13:41:52','2013-05-24 13:41:52'),(515,103,515,5150,'2013-05-24 13:41:52','2013-05-24 13:41:52'),(516,104,516,5160,'2013-05-24 13:41:52','2013-05-24 13:41:52'),(517,104,517,5170,'2013-05-24 13:41:52','2013-05-24 13:41:52'),(518,104,518,5180,'2013-05-24 13:41:52','2013-05-24 13:41:52'),(519,104,519,5190,'2013-05-24 13:41:52','2013-05-24 13:41:52'),(520,104,520,5200,'2013-05-24 13:41:52','2013-05-24 13:41:52'),(521,105,521,5210,'2013-05-24 13:41:52','2013-05-24 13:41:52'),(522,105,522,5220,'2013-05-24 13:41:52','2013-05-24 13:41:52'),(523,105,523,5230,'2013-05-24 13:41:52','2013-05-24 13:41:52'),(524,105,524,5240,'2013-05-24 13:41:52','2013-05-24 13:41:52'),(525,105,525,5250,'2013-05-24 13:41:52','2013-05-24 13:41:52'),(526,106,526,5260,'2013-05-24 13:41:52','2013-05-24 13:41:52'),(527,106,527,5270,'2013-05-24 13:41:52','2013-05-24 13:41:53'),(528,106,528,5280,'2013-05-24 13:41:53','2013-05-24 13:41:53'),(529,106,529,5290,'2013-05-24 13:41:53','2013-05-24 13:41:53'),(530,106,530,5300,'2013-05-24 13:41:53','2013-05-24 13:41:53'),(531,107,531,5310,'2013-05-24 13:41:53','2013-05-24 13:41:53'),(532,107,532,5320,'2013-05-24 13:41:53','2013-05-24 13:41:53'),(533,107,533,5330,'2013-05-24 13:41:53','2013-05-24 13:41:53'),(534,107,534,5340,'2013-05-24 13:41:53','2013-05-24 13:41:53'),(535,107,535,5350,'2013-05-24 13:41:53','2013-05-24 13:41:53'),(536,108,536,5360,'2013-05-24 13:41:53','2013-05-24 13:41:53'),(537,108,537,5370,'2013-05-24 13:41:53','2013-05-24 13:41:53'),(538,108,538,5380,'2013-05-24 13:41:53','2013-05-24 13:41:53'),(539,108,539,5390,'2013-05-24 13:41:53','2013-05-24 13:41:53'),(540,108,540,5400,'2013-05-24 13:41:53','2013-05-24 13:41:53'),(541,109,541,5410,'2013-05-24 13:41:53','2013-05-24 13:41:53'),(542,109,542,5420,'2013-05-24 13:41:53','2013-05-24 13:41:53'),(543,109,543,5430,'2013-05-24 13:41:53','2013-05-24 13:41:54'),(544,109,544,5440,'2013-05-24 13:41:54','2013-05-24 13:41:54'),(545,109,545,5450,'2013-05-24 13:41:54','2013-05-24 13:41:54'),(546,110,546,5460,'2013-05-24 13:41:54','2013-05-24 13:41:54'),(547,110,547,5470,'2013-05-24 13:41:54','2013-05-24 13:41:54'),(548,110,548,5480,'2013-05-24 13:41:54','2013-05-24 13:41:54'),(549,110,549,5490,'2013-05-24 13:41:54','2013-05-24 13:41:54'),(550,110,550,5500,'2013-05-24 13:41:54','2013-05-24 13:41:54'),(551,111,551,5510,'2013-05-24 13:41:54','2013-05-24 13:41:54'),(552,111,552,5520,'2013-05-24 13:41:54','2013-05-24 13:41:54'),(553,111,553,5530,'2013-05-24 13:41:54','2013-05-24 13:41:54'),(554,111,554,5540,'2013-05-24 13:41:54','2013-05-24 13:41:54'),(555,111,555,5550,'2013-05-24 13:41:54','2013-05-24 13:41:54'),(556,112,556,5560,'2013-05-24 13:41:54','2013-05-24 13:41:54'),(557,112,557,5570,'2013-05-24 13:41:54','2013-05-24 13:41:54'),(558,112,558,5580,'2013-05-24 13:41:54','2013-05-24 13:41:54'),(559,112,559,5590,'2013-05-24 13:41:54','2013-05-24 13:41:54'),(560,112,560,5600,'2013-05-24 13:41:54','2013-05-24 13:41:54'),(561,113,561,5610,'2013-05-24 13:41:54','2013-05-24 13:41:54'),(562,113,562,5620,'2013-05-24 13:41:54','2013-05-24 13:41:54'),(563,113,563,5630,'2013-05-24 13:41:54','2013-05-24 13:41:54'),(564,113,564,5640,'2013-05-24 13:41:54','2013-05-24 13:41:54'),(565,113,565,5650,'2013-05-24 13:41:54','2013-05-24 13:41:54'),(566,114,566,5660,'2013-05-24 13:41:54','2013-05-24 13:41:55'),(567,114,567,5670,'2013-05-24 13:41:55','2013-05-24 13:41:55'),(568,114,568,5680,'2013-05-24 13:41:55','2013-05-24 13:41:55'),(569,114,569,5690,'2013-05-24 13:41:55','2013-05-24 13:41:55'),(570,114,570,5700,'2013-05-24 13:41:55','2013-05-24 13:41:55'),(571,115,571,5710,'2013-05-24 13:41:55','2013-05-24 13:41:55'),(572,115,572,5720,'2013-05-24 13:41:55','2013-05-24 13:41:55'),(573,115,573,5730,'2013-05-24 13:41:55','2013-05-24 13:41:55'),(574,115,574,5740,'2013-05-24 13:41:55','2013-05-24 13:41:55'),(575,115,575,5750,'2013-05-24 13:41:55','2013-05-24 13:41:55'),(576,116,576,5760,'2013-05-24 13:41:55','2013-05-24 13:41:55'),(577,116,577,5770,'2013-05-24 13:41:55','2013-05-24 13:41:55'),(578,116,578,5780,'2013-05-24 13:41:55','2013-05-24 13:41:55'),(579,116,579,5790,'2013-05-24 13:41:55','2013-05-24 13:41:55'),(580,116,580,5800,'2013-05-24 13:41:55','2013-05-24 13:41:55'),(581,117,581,5810,'2013-05-24 13:41:56','2013-05-24 13:41:56'),(582,117,582,5820,'2013-05-24 13:41:56','2013-05-24 13:41:56'),(583,117,583,5830,'2013-05-24 13:41:56','2013-05-24 13:41:56'),(584,117,584,5840,'2013-05-24 13:41:56','2013-05-24 13:41:56'),(585,117,585,5850,'2013-05-24 13:41:56','2013-05-24 13:41:56'),(586,118,586,5860,'2013-05-24 13:41:56','2013-05-24 13:41:56'),(587,118,587,5870,'2013-05-24 13:41:56','2013-05-24 13:41:56'),(588,118,588,5880,'2013-05-24 13:41:56','2013-05-24 13:41:56'),(589,118,589,5890,'2013-05-24 13:41:56','2013-05-24 13:41:56'),(590,118,590,5900,'2013-05-24 13:41:56','2013-05-24 13:41:56'),(591,119,591,5910,'2013-05-24 13:41:56','2013-05-24 13:41:56'),(592,119,592,5920,'2013-05-24 13:41:56','2013-05-24 13:41:56'),(593,119,593,5930,'2013-05-24 13:41:56','2013-05-24 13:41:56'),(594,119,594,5940,'2013-05-24 13:41:56','2013-05-24 13:41:56'),(595,119,595,5950,'2013-05-24 13:41:56','2013-05-24 13:41:56'),(596,120,596,5960,'2013-05-24 13:41:56','2013-05-24 13:41:56'),(597,120,597,5970,'2013-05-24 13:41:56','2013-05-24 13:41:56'),(598,120,598,5980,'2013-05-24 13:41:56','2013-05-24 13:41:56'),(599,120,599,5990,'2013-05-24 13:41:56','2013-05-24 13:41:56'),(600,120,600,6000,'2013-05-24 13:41:56','2013-05-24 13:41:56'),(601,121,601,6010,'2013-05-24 13:41:56','2013-05-24 13:41:56'),(602,121,602,6020,'2013-05-24 13:41:56','2013-05-24 13:41:56'),(603,121,603,6030,'2013-05-24 13:41:56','2013-05-24 13:41:56'),(604,121,604,6040,'2013-05-24 13:41:56','2013-05-24 13:41:56'),(605,121,605,6050,'2013-05-24 13:41:56','2013-05-24 13:41:56'),(606,122,606,6060,'2013-05-24 13:41:56','2013-05-24 13:41:56'),(607,122,607,6070,'2013-05-24 13:41:56','2013-05-24 13:41:56'),(608,122,608,6080,'2013-05-24 13:41:56','2013-05-24 13:41:56'),(609,122,609,6090,'2013-05-24 13:41:56','2013-05-24 13:41:56'),(610,122,610,6100,'2013-05-24 13:41:56','2013-05-24 13:41:56'),(611,123,611,6110,'2013-05-24 13:41:56','2013-05-24 13:41:56'),(612,123,612,6120,'2013-05-24 13:41:56','2013-05-24 13:41:56'),(613,123,613,6130,'2013-05-24 13:41:56','2013-05-24 13:41:56'),(614,123,614,6140,'2013-05-24 13:41:56','2013-05-24 13:41:56'),(615,123,615,6150,'2013-05-24 13:41:56','2013-05-24 13:41:56'),(616,124,616,6160,'2013-05-24 13:41:56','2013-05-24 13:41:56'),(617,124,617,6170,'2013-05-24 13:41:56','2013-05-24 13:41:56'),(618,124,618,6180,'2013-05-24 13:41:56','2013-05-24 13:41:56'),(619,124,619,6190,'2013-05-24 13:41:56','2013-05-24 13:41:56'),(620,124,620,6200,'2013-05-24 13:41:56','2013-05-24 13:41:56'),(621,125,621,6210,'2013-05-24 13:41:57','2013-05-24 13:41:57'),(622,125,622,6220,'2013-05-24 13:41:57','2013-05-24 13:41:57'),(623,125,623,6230,'2013-05-24 13:41:57','2013-05-24 13:41:57'),(624,125,624,6240,'2013-05-24 13:41:57','2013-05-24 13:41:57'),(625,125,625,6250,'2013-05-24 13:41:57','2013-05-24 13:41:57'),(626,126,626,6260,'2013-05-24 13:41:57','2013-05-24 13:41:57'),(627,126,627,6270,'2013-05-24 13:41:57','2013-05-24 13:41:57'),(628,126,628,6280,'2013-05-24 13:41:57','2013-05-24 13:41:57'),(629,126,629,6290,'2013-05-24 13:41:57','2013-05-24 13:41:57'),(630,126,630,6300,'2013-05-24 13:41:57','2013-05-24 13:41:57'),(631,127,631,6310,'2013-05-24 13:41:57','2013-05-24 13:41:57'),(632,127,632,6320,'2013-05-24 13:41:57','2013-05-24 13:41:57'),(633,127,633,6330,'2013-05-24 13:41:57','2013-05-24 13:41:57'),(634,127,634,6340,'2013-05-24 13:41:57','2013-05-24 13:41:57'),(635,127,635,6350,'2013-05-24 13:41:57','2013-05-24 13:41:57'),(636,128,636,6360,'2013-05-24 13:41:57','2013-05-24 13:41:57'),(637,128,637,6370,'2013-05-24 13:41:57','2013-05-24 13:41:57'),(638,128,638,6380,'2013-05-24 13:41:57','2013-05-24 13:41:57'),(639,128,639,6390,'2013-05-24 13:41:57','2013-05-24 13:41:57'),(640,128,640,6400,'2013-05-24 13:41:57','2013-05-24 13:41:57'),(641,129,641,6410,'2013-05-24 13:41:57','2013-05-24 13:41:57'),(642,129,642,6420,'2013-05-24 13:41:58','2013-05-24 13:41:58'),(643,129,643,6430,'2013-05-24 13:41:58','2013-05-24 13:41:58'),(644,129,644,6440,'2013-05-24 13:41:58','2013-05-24 13:41:58'),(645,129,645,6450,'2013-05-24 13:41:58','2013-05-24 13:41:58'),(646,130,646,6460,'2013-05-24 13:41:58','2013-05-24 13:41:58'),(647,130,647,6470,'2013-05-24 13:41:58','2013-05-24 13:41:58'),(648,130,648,6480,'2013-05-24 13:41:58','2013-05-24 13:41:58'),(649,130,649,6490,'2013-05-24 13:41:58','2013-05-24 13:41:58'),(650,130,650,6500,'2013-05-24 13:41:58','2013-05-24 13:41:58'),(651,131,651,6510,'2013-05-24 13:41:58','2013-05-24 13:41:58'),(652,131,652,6520,'2013-05-24 13:41:58','2013-05-24 13:41:58'),(653,131,653,6530,'2013-05-24 13:41:58','2013-05-24 13:41:58'),(654,131,654,6540,'2013-05-24 13:41:58','2013-05-24 13:41:58'),(655,131,655,6550,'2013-05-24 13:41:58','2013-05-24 13:41:58'),(656,132,656,6560,'2013-05-24 13:41:58','2013-05-24 13:41:58'),(657,132,657,6570,'2013-05-24 13:41:58','2013-05-24 13:41:58'),(658,132,658,6580,'2013-05-24 13:41:58','2013-05-24 13:41:58'),(659,132,659,6590,'2013-05-24 13:41:58','2013-05-24 13:41:58'),(660,132,660,6600,'2013-05-24 13:41:58','2013-05-24 13:41:58'),(661,133,661,6610,'2013-05-24 13:41:59','2013-05-24 13:41:59'),(662,133,662,6620,'2013-05-24 13:41:59','2013-05-24 13:41:59'),(663,133,663,6630,'2013-05-24 13:42:00','2013-05-24 13:42:00'),(664,133,664,6640,'2013-05-24 13:42:00','2013-05-24 13:42:00'),(665,133,665,6650,'2013-05-24 13:42:00','2013-05-24 13:42:00'),(666,134,666,6660,'2013-05-24 13:42:00','2013-05-24 13:42:00'),(667,134,667,6670,'2013-05-24 13:42:00','2013-05-24 13:42:00'),(668,134,668,6680,'2013-05-24 13:42:00','2013-05-24 13:42:00'),(669,134,669,6690,'2013-05-24 13:42:00','2013-05-24 13:42:00'),(670,134,670,6700,'2013-05-24 13:42:00','2013-05-24 13:42:00'),(671,135,671,6710,'2013-05-24 13:42:00','2013-05-24 13:42:00'),(672,135,672,6720,'2013-05-24 13:42:00','2013-05-24 13:42:00'),(673,135,673,6730,'2013-05-24 13:42:00','2013-05-24 13:42:00'),(674,135,674,6740,'2013-05-24 13:42:00','2013-05-24 13:42:00'),(675,135,675,6750,'2013-05-24 13:42:00','2013-05-24 13:42:00'),(676,136,676,6760,'2013-05-24 13:42:00','2013-05-24 13:42:00'),(677,136,677,6770,'2013-05-24 13:42:00','2013-05-24 13:42:00'),(678,136,678,6780,'2013-05-24 13:42:00','2013-05-24 13:42:00'),(679,136,679,6790,'2013-05-24 13:42:00','2013-05-24 13:42:00'),(680,136,680,6800,'2013-05-24 13:42:00','2013-05-24 13:42:00'),(681,137,681,6810,'2013-05-24 13:42:00','2013-05-24 13:42:00'),(682,137,682,6820,'2013-05-24 13:42:00','2013-05-24 13:42:00'),(683,137,683,6830,'2013-05-24 13:42:00','2013-05-24 13:42:00'),(684,137,684,6840,'2013-05-24 13:42:00','2013-05-24 13:42:00'),(685,137,685,6850,'2013-05-24 13:42:00','2013-05-24 13:42:00'),(686,138,686,6860,'2013-05-24 13:42:00','2013-05-24 13:42:00'),(687,138,687,6870,'2013-05-24 13:42:00','2013-05-24 13:42:00'),(688,138,688,6880,'2013-05-24 13:42:00','2013-05-24 13:42:00'),(689,138,689,6890,'2013-05-24 13:42:00','2013-05-24 13:42:00'),(690,138,690,6900,'2013-05-24 13:42:00','2013-05-24 13:42:00'),(691,139,691,6910,'2013-05-24 13:42:03','2013-05-24 13:42:03'),(692,139,692,6920,'2013-05-24 13:42:03','2013-05-24 13:42:03'),(693,139,693,6930,'2013-05-24 13:42:03','2013-05-24 13:42:03'),(694,139,694,6940,'2013-05-24 13:42:03','2013-05-24 13:42:03'),(695,139,695,6950,'2013-05-24 13:42:03','2013-05-24 13:42:03'),(696,140,696,6960,'2013-05-24 13:42:04','2013-05-24 13:42:04'),(697,140,697,6970,'2013-05-24 13:42:04','2013-05-24 13:42:04'),(698,140,698,6980,'2013-05-24 13:42:04','2013-05-24 13:42:04'),(699,140,699,6990,'2013-05-24 13:42:04','2013-05-24 13:42:04'),(700,140,700,7000,'2013-05-24 13:42:04','2013-05-24 13:42:04'),(701,141,701,7010,'2013-05-24 13:42:04','2013-05-24 13:42:04'),(702,141,702,7020,'2013-05-24 13:42:04','2013-05-24 13:42:04'),(703,141,703,7030,'2013-05-24 13:42:04','2013-05-24 13:42:04'),(704,141,704,7040,'2013-05-24 13:42:04','2013-05-24 13:42:04'),(705,141,705,7050,'2013-05-24 13:42:04','2013-05-24 13:42:04'),(706,142,706,7060,'2013-05-24 13:42:04','2013-05-24 13:42:04'),(707,142,707,7070,'2013-05-24 13:42:04','2013-05-24 13:42:04'),(708,142,708,7080,'2013-05-24 13:42:04','2013-05-24 13:42:04'),(709,142,709,7090,'2013-05-24 13:42:04','2013-05-24 13:42:04'),(710,142,710,7100,'2013-05-24 13:42:04','2013-05-24 13:42:04'),(711,143,711,7110,'2013-05-24 13:42:04','2013-05-24 13:42:04'),(712,143,712,7120,'2013-05-24 13:42:04','2013-05-24 13:42:04'),(713,143,713,7130,'2013-05-24 13:42:04','2013-05-24 13:42:04'),(714,143,714,7140,'2013-05-24 13:42:04','2013-05-24 13:42:04'),(715,143,715,7150,'2013-05-24 13:42:04','2013-05-24 13:42:04'),(716,144,716,7160,'2013-05-24 13:42:04','2013-05-24 13:42:04'),(717,144,717,7170,'2013-05-24 13:42:04','2013-05-24 13:42:04'),(718,144,718,7180,'2013-05-24 13:42:04','2013-05-24 13:42:04'),(719,144,719,7190,'2013-05-24 13:42:04','2013-05-24 13:42:04'),(720,144,720,7200,'2013-05-24 13:42:04','2013-05-24 13:42:04'),(721,145,721,7210,'2013-05-24 13:42:05','2013-05-24 13:42:05'),(722,145,722,7220,'2013-05-24 13:42:05','2013-05-24 13:42:05'),(723,145,723,7230,'2013-05-24 13:42:05','2013-05-24 13:42:05'),(724,145,724,7240,'2013-05-24 13:42:05','2013-05-24 13:42:05'),(725,145,725,7250,'2013-05-24 13:42:05','2013-05-24 13:42:05'),(726,146,726,7260,'2013-05-24 13:42:05','2013-05-24 13:42:05'),(727,146,727,7270,'2013-05-24 13:42:05','2013-05-24 13:42:05'),(728,146,728,7280,'2013-05-24 13:42:05','2013-05-24 13:42:05'),(729,146,729,7290,'2013-05-24 13:42:05','2013-05-24 13:42:05'),(730,146,730,7300,'2013-05-24 13:42:05','2013-05-24 13:42:05'),(731,147,731,7310,'2013-05-24 13:42:05','2013-05-24 13:42:05'),(732,147,732,7320,'2013-05-24 13:42:05','2013-05-24 13:42:05'),(733,147,733,7330,'2013-05-24 13:42:05','2013-05-24 13:42:05'),(734,147,734,7340,'2013-05-24 13:42:05','2013-05-24 13:42:05'),(735,147,735,7350,'2013-05-24 13:42:05','2013-05-24 13:42:05'),(736,148,736,7360,'2013-05-24 13:42:05','2013-05-24 13:42:05'),(737,148,737,7370,'2013-05-24 13:42:05','2013-05-24 13:42:05'),(738,148,738,7380,'2013-05-24 13:42:05','2013-05-24 13:42:05'),(739,148,739,7390,'2013-05-24 13:42:05','2013-05-24 13:42:05'),(740,148,740,7400,'2013-05-24 13:42:05','2013-05-24 13:42:05'),(741,149,741,7410,'2013-05-24 13:42:05','2013-05-24 13:42:05'),(742,149,742,7420,'2013-05-24 13:42:05','2013-05-24 13:42:05'),(743,149,743,7430,'2013-05-24 13:42:05','2013-05-24 13:42:05'),(744,149,744,7440,'2013-05-24 13:42:05','2013-05-24 13:42:05'),(745,149,745,7450,'2013-05-24 13:42:05','2013-05-24 13:42:05'),(746,150,746,7460,'2013-05-24 13:42:05','2013-05-24 13:42:05'),(747,150,747,7470,'2013-05-24 13:42:05','2013-05-24 13:42:05'),(748,150,748,7480,'2013-05-24 13:42:05','2013-05-24 13:42:05'),(749,150,749,7490,'2013-05-24 13:42:05','2013-05-24 13:42:05'),(750,150,750,7500,'2013-05-24 13:42:05','2013-05-24 13:42:05'),(751,151,751,7510,'2013-05-24 13:42:06','2013-05-24 13:42:06'),(752,151,752,7520,'2013-05-24 13:42:06','2013-05-24 13:42:06'),(753,151,753,7530,'2013-05-24 13:42:06','2013-05-24 13:42:06'),(754,151,754,7540,'2013-05-24 13:42:06','2013-05-24 13:42:06'),(755,151,755,7550,'2013-05-24 13:42:06','2013-05-24 13:42:06'),(756,152,756,7560,'2013-05-24 13:42:06','2013-05-24 13:42:06'),(757,152,757,7570,'2013-05-24 13:42:06','2013-05-24 13:42:06'),(758,152,758,7580,'2013-05-24 13:42:06','2013-05-24 13:42:06'),(759,152,759,7590,'2013-05-24 13:42:06','2013-05-24 13:42:06'),(760,152,760,7600,'2013-05-24 13:42:06','2013-05-24 13:42:06'),(761,153,761,7610,'2013-05-24 13:42:06','2013-05-24 13:42:06'),(762,153,762,7620,'2013-05-24 13:42:06','2013-05-24 13:42:06'),(763,153,763,7630,'2013-05-24 13:42:06','2013-05-24 13:42:06'),(764,153,764,7640,'2013-05-24 13:42:06','2013-05-24 13:42:06'),(765,153,765,7650,'2013-05-24 13:42:06','2013-05-24 13:42:06'),(766,154,766,7660,'2013-05-24 13:42:06','2013-05-24 13:42:06'),(767,154,767,7670,'2013-05-24 13:42:06','2013-05-24 13:42:06'),(768,154,768,7680,'2013-05-24 13:42:06','2013-05-24 13:42:06'),(769,154,769,7690,'2013-05-24 13:42:06','2013-05-24 13:42:07'),(770,154,770,7700,'2013-05-24 13:42:07','2013-05-24 13:42:07'),(771,155,771,7710,'2013-05-24 13:42:07','2013-05-24 13:42:07'),(772,155,772,7720,'2013-05-24 13:42:07','2013-05-24 13:42:07'),(773,155,773,7730,'2013-05-24 13:42:07','2013-05-24 13:42:07'),(774,155,774,7740,'2013-05-24 13:42:07','2013-05-24 13:42:07'),(775,155,775,7750,'2013-05-24 13:42:07','2013-05-24 13:42:07'),(776,156,776,7760,'2013-05-24 13:42:07','2013-05-24 13:42:07'),(777,156,777,7770,'2013-05-24 13:42:07','2013-05-24 13:42:07'),(778,156,778,7780,'2013-05-24 13:42:07','2013-05-24 13:42:07'),(779,156,779,7790,'2013-05-24 13:42:07','2013-05-24 13:42:07'),(780,156,780,7800,'2013-05-24 13:42:07','2013-05-24 13:42:07'),(781,157,781,7810,'2013-05-24 13:42:07','2013-05-24 13:42:07'),(782,157,782,7820,'2013-05-24 13:42:07','2013-05-24 13:42:07'),(783,157,783,7830,'2013-05-24 13:42:07','2013-05-24 13:42:07'),(784,157,784,7840,'2013-05-24 13:42:07','2013-05-24 13:42:07'),(785,157,785,7850,'2013-05-24 13:42:07','2013-05-24 13:42:07'),(786,158,786,7860,'2013-05-24 13:42:08','2013-05-24 13:42:08'),(787,158,787,7870,'2013-05-24 13:42:08','2013-05-24 13:42:08'),(788,158,788,7880,'2013-05-24 13:42:08','2013-05-24 13:42:08'),(789,158,789,7890,'2013-05-24 13:42:08','2013-05-24 13:42:08'),(790,158,790,7900,'2013-05-24 13:42:08','2013-05-24 13:42:08'),(791,159,791,7910,'2013-05-24 13:42:08','2013-05-24 13:42:08'),(792,159,792,7920,'2013-05-24 13:42:08','2013-05-24 13:42:08'),(793,159,793,7930,'2013-05-24 13:42:08','2013-05-24 13:42:08'),(794,159,794,7940,'2013-05-24 13:42:08','2013-05-24 13:42:08'),(795,159,795,7950,'2013-05-24 13:42:08','2013-05-24 13:42:08'),(796,160,796,7960,'2013-05-24 13:42:08','2013-05-24 13:42:08'),(797,160,797,7970,'2013-05-24 13:42:08','2013-05-24 13:42:08'),(798,160,798,7980,'2013-05-24 13:42:08','2013-05-24 13:42:08'),(799,160,799,7990,'2013-05-24 13:42:08','2013-05-24 13:42:08'),(800,160,800,8000,'2013-05-24 13:42:08','2013-05-24 13:42:08'),(801,161,801,8010,'2013-05-24 13:42:08','2013-05-24 13:42:08'),(802,161,802,8020,'2013-05-24 13:42:08','2013-05-24 13:42:08'),(803,161,803,8030,'2013-05-24 13:42:08','2013-05-24 13:42:08'),(804,161,804,8040,'2013-05-24 13:42:08','2013-05-24 13:42:08'),(805,161,805,8050,'2013-05-24 13:42:08','2013-05-24 13:42:08'),(806,162,806,8060,'2013-05-24 13:42:08','2013-05-24 13:42:08'),(807,162,807,8070,'2013-05-24 13:42:08','2013-05-24 13:42:08'),(808,162,808,8080,'2013-05-24 13:42:08','2013-05-24 13:42:08'),(809,162,809,8090,'2013-05-24 13:42:08','2013-05-24 13:42:08'),(810,162,810,8100,'2013-05-24 13:42:08','2013-05-24 13:42:08'),(811,163,811,8110,'2013-05-24 13:42:09','2013-05-24 13:42:09'),(812,163,812,8120,'2013-05-24 13:42:09','2013-05-24 13:42:09'),(813,163,813,8130,'2013-05-24 13:42:09','2013-05-24 13:42:09'),(814,163,814,8140,'2013-05-24 13:42:09','2013-05-24 13:42:09'),(815,163,815,8150,'2013-05-24 13:42:09','2013-05-24 13:42:09'),(816,164,816,8160,'2013-05-24 13:42:09','2013-05-24 13:42:09'),(817,164,817,8170,'2013-05-24 13:42:09','2013-05-24 13:42:09'),(818,164,818,8180,'2013-05-24 13:42:09','2013-05-24 13:42:09'),(819,164,819,8190,'2013-05-24 13:42:09','2013-05-24 13:42:09'),(820,164,820,8200,'2013-05-24 13:42:09','2013-05-24 13:42:09'),(821,165,821,8210,'2013-05-24 13:42:09','2013-05-24 13:42:09'),(822,165,822,8220,'2013-05-24 13:42:09','2013-05-24 13:42:09'),(823,165,823,8230,'2013-05-24 13:42:09','2013-05-24 13:42:09'),(824,165,824,8240,'2013-05-24 13:42:09','2013-05-24 13:42:09'),(825,165,825,8250,'2013-05-24 13:42:09','2013-05-24 13:42:09'),(826,166,826,8260,'2013-05-24 13:42:09','2013-05-24 13:42:09'),(827,166,827,8270,'2013-05-24 13:42:09','2013-05-24 13:42:09'),(828,166,828,8280,'2013-05-24 13:42:09','2013-05-24 13:42:09'),(829,166,829,8290,'2013-05-24 13:42:09','2013-05-24 13:42:09'),(830,166,830,8300,'2013-05-24 13:42:09','2013-05-24 13:42:09'),(831,167,831,8310,'2013-05-24 13:42:09','2013-05-24 13:42:09'),(832,167,832,8320,'2013-05-24 13:42:10','2013-05-24 13:42:10'),(833,167,833,8330,'2013-05-24 13:42:10','2013-05-24 13:42:10'),(834,167,834,8340,'2013-05-24 13:42:10','2013-05-24 13:42:10'),(835,167,835,8350,'2013-05-24 13:42:10','2013-05-24 13:42:10'),(836,168,836,8360,'2013-05-24 13:42:10','2013-05-24 13:42:10'),(837,168,837,8370,'2013-05-24 13:42:10','2013-05-24 13:42:10'),(838,168,838,8380,'2013-05-24 13:42:10','2013-05-24 13:42:10'),(839,168,839,8390,'2013-05-24 13:42:10','2013-05-24 13:42:10'),(840,168,840,8400,'2013-05-24 13:42:10','2013-05-24 13:42:10'),(841,169,841,8410,'2013-05-24 13:42:10','2013-05-24 13:42:10'),(842,169,842,8420,'2013-05-24 13:42:10','2013-05-24 13:42:10'),(843,169,843,8430,'2013-05-24 13:42:10','2013-05-24 13:42:10'),(844,169,844,8440,'2013-05-24 13:42:10','2013-05-24 13:42:10'),(845,169,845,8450,'2013-05-24 13:42:10','2013-05-24 13:42:10'),(846,170,846,8460,'2013-05-24 13:42:10','2013-05-24 13:42:10'),(847,170,847,8470,'2013-05-24 13:42:10','2013-05-24 13:42:10'),(848,170,848,8480,'2013-05-24 13:42:10','2013-05-24 13:42:10'),(849,170,849,8490,'2013-05-24 13:42:10','2013-05-24 13:42:10'),(850,170,850,8500,'2013-05-24 13:42:10','2013-05-24 13:42:10'),(851,171,851,8510,'2013-05-24 13:42:10','2013-05-24 13:42:10'),(852,171,852,8520,'2013-05-24 13:42:10','2013-05-24 13:42:10'),(853,171,853,8530,'2013-05-24 13:42:10','2013-05-24 13:42:10'),(854,171,854,8540,'2013-05-24 13:42:10','2013-05-24 13:42:10'),(855,171,855,8550,'2013-05-24 13:42:10','2013-05-24 13:42:10'),(856,172,856,8560,'2013-05-24 13:42:10','2013-05-24 13:42:10'),(857,172,857,8570,'2013-05-24 13:42:10','2013-05-24 13:42:10'),(858,172,858,8580,'2013-05-24 13:42:10','2013-05-24 13:42:10'),(859,172,859,8590,'2013-05-24 13:42:10','2013-05-24 13:42:10'),(860,172,860,8600,'2013-05-24 13:42:10','2013-05-24 13:42:10'),(861,173,861,8610,'2013-05-24 13:42:10','2013-05-24 13:42:10'),(862,173,862,8620,'2013-05-24 13:42:10','2013-05-24 13:42:10'),(863,173,863,8630,'2013-05-24 13:42:10','2013-05-24 13:42:10'),(864,173,864,8640,'2013-05-24 13:42:10','2013-05-24 13:42:10'),(865,173,865,8650,'2013-05-24 13:42:10','2013-05-24 13:42:10'),(866,174,866,8660,'2013-05-24 13:42:11','2013-05-24 13:42:11'),(867,174,867,8670,'2013-05-24 13:42:11','2013-05-24 13:42:11'),(868,174,868,8680,'2013-05-24 13:42:11','2013-05-24 13:42:11'),(869,174,869,8690,'2013-05-24 13:42:11','2013-05-24 13:42:11'),(870,174,870,8700,'2013-05-24 13:42:11','2013-05-24 13:42:11'),(871,175,871,8710,'2013-05-24 13:42:11','2013-05-24 13:42:11'),(872,175,872,8720,'2013-05-24 13:42:11','2013-05-24 13:42:11'),(873,175,873,8730,'2013-05-24 13:42:11','2013-05-24 13:42:11'),(874,175,874,8740,'2013-05-24 13:42:11','2013-05-24 13:42:11'),(875,175,875,8750,'2013-05-24 13:42:11','2013-05-24 13:42:11'),(876,176,876,8760,'2013-05-24 13:42:11','2013-05-24 13:42:11'),(877,176,877,8770,'2013-05-24 13:42:11','2013-05-24 13:42:11'),(878,176,878,8780,'2013-05-24 13:42:11','2013-05-24 13:42:11'),(879,176,879,8790,'2013-05-24 13:42:11','2013-05-24 13:42:11'),(880,176,880,8800,'2013-05-24 13:42:11','2013-05-24 13:42:11'),(881,177,881,8810,'2013-05-24 13:42:11','2013-05-24 13:42:11'),(882,177,882,8820,'2013-05-24 13:42:11','2013-05-24 13:42:11'),(883,177,883,8830,'2013-05-24 13:42:11','2013-05-24 13:42:11'),(884,177,884,8840,'2013-05-24 13:42:11','2013-05-24 13:42:11'),(885,177,885,8850,'2013-05-24 13:42:11','2013-05-24 13:42:11'),(886,178,886,8860,'2013-05-24 13:42:11','2013-05-24 13:42:11'),(887,178,887,8870,'2013-05-24 13:42:11','2013-05-24 13:42:11'),(888,178,888,8880,'2013-05-24 13:42:11','2013-05-24 13:42:11'),(889,178,889,8890,'2013-05-24 13:42:11','2013-05-24 13:42:11'),(890,178,890,8900,'2013-05-24 13:42:11','2013-05-24 13:42:11'),(891,179,891,8910,'2013-05-24 13:42:11','2013-05-24 13:42:11'),(892,179,892,8920,'2013-05-24 13:42:11','2013-05-24 13:42:11'),(893,179,893,8930,'2013-05-24 13:42:11','2013-05-24 13:42:11'),(894,179,894,8940,'2013-05-24 13:42:11','2013-05-24 13:42:11'),(895,179,895,8950,'2013-05-24 13:42:11','2013-05-24 13:42:11'),(896,180,896,8960,'2013-05-24 13:42:11','2013-05-24 13:42:11'),(897,180,897,8970,'2013-05-24 13:42:11','2013-05-24 13:42:11'),(898,180,898,8980,'2013-05-24 13:42:11','2013-05-24 13:42:11'),(899,180,899,8990,'2013-05-24 13:42:11','2013-05-24 13:42:11'),(900,180,900,9000,'2013-05-24 13:42:11','2013-05-24 13:42:11'),(901,181,901,9010,'2013-05-24 13:42:12','2013-05-24 13:42:12'),(902,181,902,9020,'2013-05-24 13:42:12','2013-05-24 13:42:12'),(903,181,903,9030,'2013-05-24 13:42:12','2013-05-24 13:42:12'),(904,181,904,9040,'2013-05-24 13:42:12','2013-05-24 13:42:12'),(905,181,905,9050,'2013-05-24 13:42:12','2013-05-24 13:42:12'),(906,182,906,9060,'2013-05-24 13:42:12','2013-05-24 13:42:12'),(907,182,907,9070,'2013-05-24 13:42:12','2013-05-24 13:42:12'),(908,182,908,9080,'2013-05-24 13:42:12','2013-05-24 13:42:12'),(909,182,909,9090,'2013-05-24 13:42:12','2013-05-24 13:42:12'),(910,182,910,9100,'2013-05-24 13:42:12','2013-05-24 13:42:12'),(911,183,911,9110,'2013-05-24 13:42:12','2013-05-24 13:42:12'),(912,183,912,9120,'2013-05-24 13:42:12','2013-05-24 13:42:12'),(913,183,913,9130,'2013-05-24 13:42:12','2013-05-24 13:42:12'),(914,183,914,9140,'2013-05-24 13:42:12','2013-05-24 13:42:12'),(915,183,915,9150,'2013-05-24 13:42:12','2013-05-24 13:42:12'),(916,184,916,9160,'2013-05-24 13:42:12','2013-05-24 13:42:12'),(917,184,917,9170,'2013-05-24 13:42:12','2013-05-24 13:42:12'),(918,184,918,9180,'2013-05-24 13:42:12','2013-05-24 13:42:12'),(919,184,919,9190,'2013-05-24 13:42:12','2013-05-24 13:42:12'),(920,184,920,9200,'2013-05-24 13:42:12','2013-05-24 13:42:12'),(921,185,921,9210,'2013-05-24 13:42:12','2013-05-24 13:42:12'),(922,185,922,9220,'2013-05-24 13:42:12','2013-05-24 13:42:12'),(923,185,923,9230,'2013-05-24 13:42:12','2013-05-24 13:42:12'),(924,185,924,9240,'2013-05-24 13:42:12','2013-05-24 13:42:12'),(925,185,925,9250,'2013-05-24 13:42:12','2013-05-24 13:42:12'),(926,186,926,9260,'2013-05-24 13:42:12','2013-05-24 13:42:12'),(927,186,927,9270,'2013-05-24 13:42:12','2013-05-24 13:42:12'),(928,186,928,9280,'2013-05-24 13:42:12','2013-05-24 13:42:12'),(929,186,929,9290,'2013-05-24 13:42:12','2013-05-24 13:42:12'),(930,186,930,9300,'2013-05-24 13:42:12','2013-05-24 13:42:12'),(931,187,931,9310,'2013-05-24 13:42:12','2013-05-24 13:42:12'),(932,187,932,9320,'2013-05-24 13:42:12','2013-05-24 13:42:12'),(933,187,933,9330,'2013-05-24 13:42:13','2013-05-24 13:42:13'),(934,187,934,9340,'2013-05-24 13:42:13','2013-05-24 13:42:13'),(935,187,935,9350,'2013-05-24 13:42:13','2013-05-24 13:42:13'),(936,188,936,9360,'2013-05-24 13:42:13','2013-05-24 13:42:13'),(937,188,937,9370,'2013-05-24 13:42:13','2013-05-24 13:42:13'),(938,188,938,9380,'2013-05-24 13:42:13','2013-05-24 13:42:13'),(939,188,939,9390,'2013-05-24 13:42:13','2013-05-24 13:42:13'),(940,188,940,9400,'2013-05-24 13:42:13','2013-05-24 13:42:13'),(941,189,941,9410,'2013-05-24 13:42:13','2013-05-24 13:42:13'),(942,189,942,9420,'2013-05-24 13:42:13','2013-05-24 13:42:13'),(943,189,943,9430,'2013-05-24 13:42:13','2013-05-24 13:42:13'),(944,189,944,9440,'2013-05-24 13:42:13','2013-05-24 13:42:13'),(945,189,945,9450,'2013-05-24 13:42:13','2013-05-24 13:42:13'),(946,190,946,9460,'2013-05-24 13:42:13','2013-05-24 13:42:13'),(947,190,947,9470,'2013-05-24 13:42:13','2013-05-24 13:42:13'),(948,190,948,9480,'2013-05-24 13:42:13','2013-05-24 13:42:13'),(949,190,949,9490,'2013-05-24 13:42:13','2013-05-24 13:42:13'),(950,190,950,9500,'2013-05-24 13:42:13','2013-05-24 13:42:13'),(951,191,951,9510,'2013-05-24 13:42:13','2013-05-24 13:42:13'),(952,191,952,9520,'2013-05-24 13:42:13','2013-05-24 13:42:13'),(953,191,953,9530,'2013-05-24 13:42:13','2013-05-24 13:42:13'),(954,191,954,9540,'2013-05-24 13:42:13','2013-05-24 13:42:13'),(955,191,955,9550,'2013-05-24 13:42:13','2013-05-24 13:42:13'),(956,192,956,9560,'2013-05-24 13:42:13','2013-05-24 13:42:13'),(957,192,957,9570,'2013-05-24 13:42:13','2013-05-24 13:42:13'),(958,192,958,9580,'2013-05-24 13:42:13','2013-05-24 13:42:13'),(959,192,959,9590,'2013-05-24 13:42:13','2013-05-24 13:42:13'),(960,192,960,9600,'2013-05-24 13:42:13','2013-05-24 13:42:13'),(961,193,961,9610,'2013-05-24 13:42:14','2013-05-24 13:42:14'),(962,193,962,9620,'2013-05-24 13:42:14','2013-05-24 13:42:14'),(963,193,963,9630,'2013-05-24 13:42:14','2013-05-24 13:42:14'),(964,193,964,9640,'2013-05-24 13:42:14','2013-05-24 13:42:14'),(965,193,965,9650,'2013-05-24 13:42:14','2013-05-24 13:42:14'),(966,194,966,9660,'2013-05-24 13:42:14','2013-05-24 13:42:14'),(967,194,967,9670,'2013-05-24 13:42:14','2013-05-24 13:42:14'),(968,194,968,9680,'2013-05-24 13:42:14','2013-05-24 13:42:14'),(969,194,969,9690,'2013-05-24 13:42:14','2013-05-24 13:42:14'),(970,194,970,9700,'2013-05-24 13:42:14','2013-05-24 13:42:14'),(971,195,971,9710,'2013-05-24 13:42:14','2013-05-24 13:42:14'),(972,195,972,9720,'2013-05-24 13:42:14','2013-05-24 13:42:14'),(973,195,973,9730,'2013-05-24 13:42:14','2013-05-24 13:42:14'),(974,195,974,9740,'2013-05-24 13:42:14','2013-05-24 13:42:14'),(975,195,975,9750,'2013-05-24 13:42:14','2013-05-24 13:42:14'),(976,196,976,9760,'2013-05-24 13:42:14','2013-05-24 13:42:14'),(977,196,977,9770,'2013-05-24 13:42:14','2013-05-24 13:42:14'),(978,196,978,9780,'2013-05-24 13:42:14','2013-05-24 13:42:14'),(979,196,979,9790,'2013-05-24 13:42:14','2013-05-24 13:42:14'),(980,196,980,9800,'2013-05-24 13:42:14','2013-05-24 13:42:14'),(981,197,981,9810,'2013-05-24 13:42:14','2013-05-24 13:42:14'),(982,197,982,9820,'2013-05-24 13:42:14','2013-05-24 13:42:14'),(983,197,983,9830,'2013-05-24 13:42:14','2013-05-24 13:42:14'),(984,197,984,9840,'2013-05-24 13:42:14','2013-05-24 13:42:14'),(985,197,985,9850,'2013-05-24 13:42:14','2013-05-24 13:42:14'),(986,198,986,9860,'2013-05-24 13:42:14','2013-05-24 13:42:14'),(987,198,987,9870,'2013-05-24 13:42:14','2013-05-24 13:42:14'),(988,198,988,9880,'2013-05-24 13:42:14','2013-05-24 13:42:14'),(989,198,989,9890,'2013-05-24 13:42:14','2013-05-24 13:42:14'),(990,198,990,9900,'2013-05-24 13:42:14','2013-05-24 13:42:14'),(991,199,991,9910,'2013-05-24 13:42:15','2013-05-24 13:42:15'),(992,199,992,9920,'2013-05-24 13:42:15','2013-05-24 13:42:15'),(993,199,993,9930,'2013-05-24 13:42:15','2013-05-24 13:42:15'),(994,199,994,9940,'2013-05-24 13:42:15','2013-05-24 13:42:15'),(995,199,995,9950,'2013-05-24 13:42:15','2013-05-24 13:42:15'),(996,200,996,9960,'2013-05-24 13:42:15','2013-05-24 13:42:15'),(997,200,997,9970,'2013-05-24 13:42:15','2013-05-24 13:42:15'),(998,200,998,9980,'2013-05-24 13:42:15','2013-05-24 13:42:15'),(999,200,999,9990,'2013-05-24 13:42:15','2013-05-24 13:42:15'),(1000,200,1000,10000,'2013-05-24 13:42:15','2013-05-24 13:42:15'),(1001,201,1001,10010,'2013-05-24 13:42:15','2013-05-24 13:42:15'),(1002,201,1002,10020,'2013-05-24 13:42:15','2013-05-24 13:42:15'),(1003,201,1003,10030,'2013-05-24 13:42:15','2013-05-24 13:42:15'),(1004,201,1004,10040,'2013-05-24 13:42:15','2013-05-24 13:42:15'),(1005,201,1005,10050,'2013-05-24 13:42:15','2013-05-24 13:42:15'),(1006,202,1006,10060,'2013-05-24 13:42:15','2013-05-24 13:42:15'),(1007,202,1007,10070,'2013-05-24 13:42:15','2013-05-24 13:42:15'),(1008,202,1008,10080,'2013-05-24 13:42:15','2013-05-24 13:42:15'),(1009,202,1009,10090,'2013-05-24 13:42:15','2013-05-24 13:42:15'),(1010,202,1010,10100,'2013-05-24 13:42:15','2013-05-24 13:42:15'),(1011,203,1011,10110,'2013-05-24 13:42:15','2013-05-24 13:42:15'),(1012,203,1012,10120,'2013-05-24 13:42:15','2013-05-24 13:42:15'),(1013,203,1013,10130,'2013-05-24 13:42:15','2013-05-24 13:42:15'),(1014,203,1014,10140,'2013-05-24 13:42:15','2013-05-24 13:42:15'),(1015,203,1015,10150,'2013-05-24 13:42:15','2013-05-24 13:42:15'),(1016,204,1016,10160,'2013-05-24 13:42:16','2013-05-24 13:42:16'),(1017,204,1017,10170,'2013-05-24 13:42:16','2013-05-24 13:42:16'),(1018,204,1018,10180,'2013-05-24 13:42:16','2013-05-24 13:42:16'),(1019,204,1019,10190,'2013-05-24 13:42:16','2013-05-24 13:42:16'),(1020,204,1020,10200,'2013-05-24 13:42:16','2013-05-24 13:42:16'),(1021,205,1021,10210,'2013-05-24 13:42:16','2013-05-24 13:42:16'),(1022,205,1022,10220,'2013-05-24 13:42:16','2013-05-24 13:42:16'),(1023,205,1023,10230,'2013-05-24 13:42:16','2013-05-24 13:42:16'),(1024,205,1024,10240,'2013-05-24 13:42:16','2013-05-24 13:42:16'),(1025,205,1025,10250,'2013-05-24 13:42:16','2013-05-24 13:42:16'),(1026,206,1026,10260,'2013-05-24 13:42:16','2013-05-24 13:42:16'),(1027,206,1027,10270,'2013-05-24 13:42:16','2013-05-24 13:42:16'),(1028,206,1028,10280,'2013-05-24 13:42:16','2013-05-24 13:42:16'),(1029,206,1029,10290,'2013-05-24 13:42:16','2013-05-24 13:42:16'),(1030,206,1030,10300,'2013-05-24 13:42:16','2013-05-24 13:42:16'),(1031,207,1031,10310,'2013-05-24 13:42:16','2013-05-24 13:42:16'),(1032,207,1032,10320,'2013-05-24 13:42:16','2013-05-24 13:42:16'),(1033,207,1033,10330,'2013-05-24 13:42:16','2013-05-24 13:42:16'),(1034,207,1034,10340,'2013-05-24 13:42:16','2013-05-24 13:42:16'),(1035,207,1035,10350,'2013-05-24 13:42:16','2013-05-24 13:42:17'),(1036,208,1036,10360,'2013-05-24 13:42:17','2013-05-24 13:42:17'),(1037,208,1037,10370,'2013-05-24 13:42:17','2013-05-24 13:42:17'),(1038,208,1038,10380,'2013-05-24 13:42:17','2013-05-24 13:42:17'),(1039,208,1039,10390,'2013-05-24 13:42:17','2013-05-24 13:42:17'),(1040,208,1040,10400,'2013-05-24 13:42:17','2013-05-24 13:42:17'),(1041,209,1041,10410,'2013-05-24 13:42:17','2013-05-24 13:42:17'),(1042,209,1042,10420,'2013-05-24 13:42:17','2013-05-24 13:42:17'),(1043,209,1043,10430,'2013-05-24 13:42:17','2013-05-24 13:42:17'),(1044,209,1044,10440,'2013-05-24 13:42:17','2013-05-24 13:42:17'),(1045,209,1045,10450,'2013-05-24 13:42:17','2013-05-24 13:42:17'),(1046,210,1046,10460,'2013-05-24 13:42:17','2013-05-24 13:42:17'),(1047,210,1047,10470,'2013-05-24 13:42:17','2013-05-24 13:42:17'),(1048,210,1048,10480,'2013-05-24 13:42:17','2013-05-24 13:42:17'),(1049,210,1049,10490,'2013-05-24 13:42:17','2013-05-24 13:42:17'),(1050,210,1050,10500,'2013-05-24 13:42:17','2013-05-24 13:42:17'),(1051,211,1051,10510,'2013-05-24 13:42:18','2013-05-24 13:42:18'),(1052,211,1052,10520,'2013-05-24 13:42:18','2013-05-24 13:42:18'),(1053,211,1053,10530,'2013-05-24 13:42:18','2013-05-24 13:42:18'),(1054,211,1054,10540,'2013-05-24 13:42:18','2013-05-24 13:42:18'),(1055,211,1055,10550,'2013-05-24 13:42:18','2013-05-24 13:42:18'),(1056,212,1056,10560,'2013-05-24 13:42:18','2013-05-24 13:42:18'),(1057,212,1057,10570,'2013-05-24 13:42:18','2013-05-24 13:42:18'),(1058,212,1058,10580,'2013-05-24 13:42:18','2013-05-24 13:42:18'),(1059,212,1059,10590,'2013-05-24 13:42:18','2013-05-24 13:42:18'),(1060,212,1060,10600,'2013-05-24 13:42:18','2013-05-24 13:42:18'),(1061,213,1061,10610,'2013-05-24 13:42:18','2013-05-24 13:42:18'),(1062,213,1062,10620,'2013-05-24 13:42:18','2013-05-24 13:42:18'),(1063,213,1063,10630,'2013-05-24 13:42:18','2013-05-24 13:42:18'),(1064,213,1064,10640,'2013-05-24 13:42:18','2013-05-24 13:42:18'),(1065,213,1065,10650,'2013-05-24 13:42:18','2013-05-24 13:42:18'),(1066,214,1066,10660,'2013-05-24 13:42:18','2013-05-24 13:42:18'),(1067,214,1067,10670,'2013-05-24 13:42:18','2013-05-24 13:42:18'),(1068,214,1068,10680,'2013-05-24 13:42:18','2013-05-24 13:42:18'),(1069,214,1069,10690,'2013-05-24 13:42:18','2013-05-24 13:42:18'),(1070,214,1070,10700,'2013-05-24 13:42:18','2013-05-24 13:42:18'),(1071,215,1071,10710,'2013-05-24 13:42:18','2013-05-24 13:42:18'),(1072,215,1072,10720,'2013-05-24 13:42:18','2013-05-24 13:42:18'),(1073,215,1073,10730,'2013-05-24 13:42:18','2013-05-24 13:42:18'),(1074,215,1074,10740,'2013-05-24 13:42:18','2013-05-24 13:42:18'),(1075,215,1075,10750,'2013-05-24 13:42:18','2013-05-24 13:42:18'),(1076,216,1076,10760,'2013-05-24 13:42:18','2013-05-24 13:42:18'),(1077,216,1077,10770,'2013-05-24 13:42:18','2013-05-24 13:42:18'),(1078,216,1078,10780,'2013-05-24 13:42:18','2013-05-24 13:42:18'),(1079,216,1079,10790,'2013-05-24 13:42:18','2013-05-24 13:42:18'),(1080,216,1080,10800,'2013-05-24 13:42:18','2013-05-24 13:42:18');
/*!40000 ALTER TABLE `segment_instructions` ENABLE KEYS */;
UNLOCK TABLES;

--
-- Table structure for table `segments`
--

DROP TABLE IF EXISTS `segments`;
/*!40101 SET @saved_cs_client     = @@character_set_client */;
/*!40101 SET character_set_client = utf8 */;
CREATE TABLE `segments` (
  `id` int(11) NOT NULL AUTO_INCREMENT,
  `title` varchar(255) DEFAULT NULL,
  `description` varchar(255) DEFAULT NULL,
  `couch_id` varchar(255) DEFAULT NULL,
  `duration` int(11) DEFAULT NULL,
  `is_duration_constant` tinyint(1) DEFAULT NULL,
  `heartrate` text,
  `resistance` text,
  `instruction_id` int(11) DEFAULT NULL,
  `created_at` datetime NOT NULL,
  `updated_at` datetime NOT NULL,
  `user_id` int(11) DEFAULT NULL,
  PRIMARY KEY (`id`),
  KEY `index_segments_on_duration` (`duration`),
  KEY `user_id` (`user_id`)
) ENGINE=InnoDB AUTO_INCREMENT=217 DEFAULT CHARSET=latin1;
/*!40101 SET character_set_client = @saved_cs_client */;

--
-- Dumping data for table `segments`
--

LOCK TABLES `segments` WRITE;
/*!40000 ALTER TABLE `segments` DISABLE KEYS */;
INSERT INTO `segments` VALUES (1,'Segment 1',NULL,NULL,NULL,NULL,'---\n- 150\n- 160\n- 170\n- 180\n- 140\n- 120\n','---\n- 5\n- 6\n- 7\n- 8\n- 7\n- 6\n',NULL,'2013-05-24 13:41:33','2013-05-24 13:41:33',1),(2,'Segment 2',NULL,NULL,NULL,NULL,'---\n- 150\n- 160\n- 170\n- 180\n- 140\n- 120\n','---\n- 5\n- 6\n- 7\n- 8\n- 7\n- 6\n',NULL,'2013-05-24 13:41:33','2013-05-24 13:41:33',1),(3,'Segment 3',NULL,NULL,NULL,NULL,'---\n- 150\n- 160\n- 170\n- 180\n- 140\n- 120\n','---\n- 5\n- 6\n- 7\n- 8\n- 7\n- 6\n',NULL,'2013-05-24 13:41:34','2013-05-24 13:41:34',1),(4,'Segment 4',NULL,NULL,NULL,NULL,'---\n- 150\n- 160\n- 170\n- 180\n- 140\n- 120\n','---\n- 5\n- 6\n- 7\n- 8\n- 7\n- 6\n',NULL,'2013-05-24 13:41:34','2013-05-24 13:41:34',1),(5,'Segment 5',NULL,NULL,NULL,NULL,'---\n- 150\n- 160\n- 170\n- 180\n- 140\n- 120\n','---\n- 5\n- 6\n- 7\n- 8\n- 7\n- 6\n',NULL,'2013-05-24 13:41:34','2013-05-24 13:41:34',1),(6,'Segment 6',NULL,NULL,NULL,NULL,'---\n- 150\n- 160\n- 170\n- 180\n- 140\n- 120\n','---\n- 5\n- 6\n- 7\n- 8\n- 7\n- 6\n',NULL,'2013-05-24 13:41:34','2013-05-24 13:41:34',1),(7,'Segment 7',NULL,NULL,NULL,NULL,'---\n- 150\n- 160\n- 170\n- 180\n- 140\n- 120\n','---\n- 5\n- 6\n- 7\n- 8\n- 7\n- 6\n',NULL,'2013-05-24 13:41:34','2013-05-24 13:41:34',1),(8,'Segment 8',NULL,NULL,NULL,NULL,'---\n- 150\n- 160\n- 170\n- 180\n- 140\n- 120\n','---\n- 5\n- 6\n- 7\n- 8\n- 7\n- 6\n',NULL,'2013-05-24 13:41:34','2013-05-24 13:41:34',1),(9,'Segment 9',NULL,NULL,NULL,NULL,'---\n- 150\n- 160\n- 170\n- 180\n- 140\n- 120\n','---\n- 5\n- 6\n- 7\n- 8\n- 7\n- 6\n',NULL,'2013-05-24 13:41:35','2013-05-24 13:41:35',1),(10,'Segment 10',NULL,NULL,NULL,NULL,'---\n- 150\n- 160\n- 170\n- 180\n- 140\n- 120\n','---\n- 5\n- 6\n- 7\n- 8\n- 7\n- 6\n',NULL,'2013-05-24 13:41:35','2013-05-24 13:41:35',1),(11,'Segment 11',NULL,NULL,NULL,NULL,'---\n- 150\n- 160\n- 170\n- 180\n- 140\n- 120\n','---\n- 5\n- 6\n- 7\n- 8\n- 7\n- 6\n',NULL,'2013-05-24 13:41:35','2013-05-24 13:41:35',1),(12,'Segment 12',NULL,NULL,NULL,NULL,'---\n- 150\n- 160\n- 170\n- 180\n- 140\n- 120\n','---\n- 5\n- 6\n- 7\n- 8\n- 7\n- 6\n',NULL,'2013-05-24 13:41:35','2013-05-24 13:41:35',1),(13,'Segment 13',NULL,NULL,NULL,NULL,'---\n- 150\n- 160\n- 170\n- 180\n- 140\n- 120\n','---\n- 5\n- 6\n- 7\n- 8\n- 7\n- 6\n',NULL,'2013-05-24 13:41:35','2013-05-24 13:41:35',1),(14,'Segment 14',NULL,NULL,NULL,NULL,'---\n- 150\n- 160\n- 170\n- 180\n- 140\n- 120\n','---\n- 5\n- 6\n- 7\n- 8\n- 7\n- 6\n',NULL,'2013-05-24 13:41:35','2013-05-24 13:41:35',1),(15,'Segment 15',NULL,NULL,NULL,NULL,'---\n- 150\n- 160\n- 170\n- 180\n- 140\n- 120\n','---\n- 5\n- 6\n- 7\n- 8\n- 7\n- 6\n',NULL,'2013-05-24 13:41:35','2013-05-24 13:41:35',1),(16,'Segment 16',NULL,NULL,NULL,NULL,'---\n- 150\n- 160\n- 170\n- 180\n- 140\n- 120\n','---\n- 5\n- 6\n- 7\n- 8\n- 7\n- 6\n',NULL,'2013-05-24 13:41:36','2013-05-24 13:41:36',1),(17,'Segment 17',NULL,NULL,NULL,NULL,'---\n- 150\n- 160\n- 170\n- 180\n- 140\n- 120\n','---\n- 5\n- 6\n- 7\n- 8\n- 7\n- 6\n',NULL,'2013-05-24 13:41:36','2013-05-24 13:41:36',1),(18,'Segment 18',NULL,NULL,NULL,NULL,'---\n- 150\n- 160\n- 170\n- 180\n- 140\n- 120\n','---\n- 5\n- 6\n- 7\n- 8\n- 7\n- 6\n',NULL,'2013-05-24 13:41:36','2013-05-24 13:41:36',1),(19,'Segment 19',NULL,NULL,NULL,NULL,'---\n- 150\n- 160\n- 170\n- 180\n- 140\n- 120\n','---\n- 5\n- 6\n- 7\n- 8\n- 7\n- 6\n',NULL,'2013-05-24 13:41:36','2013-05-24 13:41:36',1),(20,'Segment 20',NULL,NULL,NULL,NULL,'---\n- 150\n- 160\n- 170\n- 180\n- 140\n- 120\n','---\n- 5\n- 6\n- 7\n- 8\n- 7\n- 6\n',NULL,'2013-05-24 13:41:36','2013-05-24 13:41:36',1),(21,'Segment 21',NULL,NULL,NULL,NULL,'---\n- 150\n- 160\n- 170\n- 180\n- 140\n- 120\n','---\n- 5\n- 6\n- 7\n- 8\n- 7\n- 6\n',NULL,'2013-05-24 13:41:36','2013-05-24 13:41:36',1),(22,'Segment 22',NULL,NULL,NULL,NULL,'---\n- 150\n- 160\n- 170\n- 180\n- 140\n- 120\n','---\n- 5\n- 6\n- 7\n- 8\n- 7\n- 6\n',NULL,'2013-05-24 13:41:37','2013-05-24 13:41:37',1),(23,'Segment 23',NULL,NULL,NULL,NULL,'---\n- 150\n- 160\n- 170\n- 180\n- 140\n- 120\n','---\n- 5\n- 6\n- 7\n- 8\n- 7\n- 6\n',NULL,'2013-05-24 13:41:37','2013-05-24 13:41:37',1),(24,'Segment 24',NULL,NULL,NULL,NULL,'---\n- 150\n- 160\n- 170\n- 180\n- 140\n- 120\n','---\n- 5\n- 6\n- 7\n- 8\n- 7\n- 6\n',NULL,'2013-05-24 13:41:37','2013-05-24 13:41:37',1),(25,'Segment 25',NULL,NULL,NULL,NULL,'---\n- 150\n- 160\n- 170\n- 180\n- 140\n- 120\n','---\n- 5\n- 6\n- 7\n- 8\n- 7\n- 6\n',NULL,'2013-05-24 13:41:37','2013-05-24 13:41:37',1),(26,'Segment 26',NULL,NULL,NULL,NULL,'---\n- 150\n- 160\n- 170\n- 180\n- 140\n- 120\n','---\n- 5\n- 6\n- 7\n- 8\n- 7\n- 6\n',NULL,'2013-05-24 13:41:37','2013-05-24 13:41:37',1),(27,'Segment 27',NULL,NULL,NULL,NULL,'---\n- 150\n- 160\n- 170\n- 180\n- 140\n- 120\n','---\n- 5\n- 6\n- 7\n- 8\n- 7\n- 6\n',NULL,'2013-05-24 13:41:38','2013-05-24 13:41:38',1),(28,'Segment 28',NULL,NULL,NULL,NULL,'---\n- 150\n- 160\n- 170\n- 180\n- 140\n- 120\n','---\n- 5\n- 6\n- 7\n- 8\n- 7\n- 6\n',NULL,'2013-05-24 13:41:38','2013-05-24 13:41:38',1),(29,'Segment 29',NULL,NULL,NULL,NULL,'---\n- 150\n- 160\n- 170\n- 180\n- 140\n- 120\n','---\n- 5\n- 6\n- 7\n- 8\n- 7\n- 6\n',NULL,'2013-05-24 13:41:38','2013-05-24 13:41:38',1),(30,'Segment 30',NULL,NULL,NULL,NULL,'---\n- 150\n- 160\n- 170\n- 180\n- 140\n- 120\n','---\n- 5\n- 6\n- 7\n- 8\n- 7\n- 6\n',NULL,'2013-05-24 13:41:38','2013-05-24 13:41:38',1),(31,'Segment 31',NULL,NULL,NULL,NULL,'---\n- 150\n- 160\n- 170\n- 180\n- 140\n- 120\n','---\n- 5\n- 6\n- 7\n- 8\n- 7\n- 6\n',NULL,'2013-05-24 13:41:39','2013-05-24 13:41:39',1),(32,'Segment 32',NULL,NULL,NULL,NULL,'---\n- 150\n- 160\n- 170\n- 180\n- 140\n- 120\n','---\n- 5\n- 6\n- 7\n- 8\n- 7\n- 6\n',NULL,'2013-05-24 13:41:39','2013-05-24 13:41:39',1),(33,'Segment 33',NULL,NULL,NULL,NULL,'---\n- 150\n- 160\n- 170\n- 180\n- 140\n- 120\n','---\n- 5\n- 6\n- 7\n- 8\n- 7\n- 6\n',NULL,'2013-05-24 13:41:39','2013-05-24 13:41:39',1),(34,'Segment 34',NULL,NULL,NULL,NULL,'---\n- 150\n- 160\n- 170\n- 180\n- 140\n- 120\n','---\n- 5\n- 6\n- 7\n- 8\n- 7\n- 6\n',NULL,'2013-05-24 13:41:39','2013-05-24 13:41:39',1),(35,'Segment 35',NULL,NULL,NULL,NULL,'---\n- 150\n- 160\n- 170\n- 180\n- 140\n- 120\n','---\n- 5\n- 6\n- 7\n- 8\n- 7\n- 6\n',NULL,'2013-05-24 13:41:39','2013-05-24 13:41:39',1),(36,'Segment 36',NULL,NULL,NULL,NULL,'---\n- 150\n- 160\n- 170\n- 180\n- 140\n- 120\n','---\n- 5\n- 6\n- 7\n- 8\n- 7\n- 6\n',NULL,'2013-05-24 13:41:39','2013-05-24 13:41:39',1),(37,'Segment 37',NULL,NULL,NULL,NULL,'---\n- 150\n- 160\n- 170\n- 180\n- 140\n- 120\n','---\n- 5\n- 6\n- 7\n- 8\n- 7\n- 6\n',NULL,'2013-05-24 13:41:40','2013-05-24 13:41:40',1),(38,'Segment 38',NULL,NULL,NULL,NULL,'---\n- 150\n- 160\n- 170\n- 180\n- 140\n- 120\n','---\n- 5\n- 6\n- 7\n- 8\n- 7\n- 6\n',NULL,'2013-05-24 13:41:40','2013-05-24 13:41:40',1),(39,'Segment 39',NULL,NULL,NULL,NULL,'---\n- 150\n- 160\n- 170\n- 180\n- 140\n- 120\n','---\n- 5\n- 6\n- 7\n- 8\n- 7\n- 6\n',NULL,'2013-05-24 13:41:41','2013-05-24 13:41:41',1),(40,'Segment 40',NULL,NULL,NULL,NULL,'---\n- 150\n- 160\n- 170\n- 180\n- 140\n- 120\n','---\n- 5\n- 6\n- 7\n- 8\n- 7\n- 6\n',NULL,'2013-05-24 13:41:41','2013-05-24 13:41:41',1),(41,'Segment 41',NULL,NULL,NULL,NULL,'---\n- 150\n- 160\n- 170\n- 180\n- 140\n- 120\n','---\n- 5\n- 6\n- 7\n- 8\n- 7\n- 6\n',NULL,'2013-05-24 13:41:41','2013-05-24 13:41:41',1),(42,'Segment 42',NULL,NULL,NULL,NULL,'---\n- 150\n- 160\n- 170\n- 180\n- 140\n- 120\n','---\n- 5\n- 6\n- 7\n- 8\n- 7\n- 6\n',NULL,'2013-05-24 13:41:41','2013-05-24 13:41:41',1),(43,'Segment 43',NULL,NULL,NULL,NULL,'---\n- 150\n- 160\n- 170\n- 180\n- 140\n- 120\n','---\n- 5\n- 6\n- 7\n- 8\n- 7\n- 6\n',NULL,'2013-05-24 13:41:41','2013-05-24 13:41:41',1),(44,'Segment 44',NULL,NULL,NULL,NULL,'---\n- 150\n- 160\n- 170\n- 180\n- 140\n- 120\n','---\n- 5\n- 6\n- 7\n- 8\n- 7\n- 6\n',NULL,'2013-05-24 13:41:42','2013-05-24 13:41:42',1),(45,'Segment 45',NULL,NULL,NULL,NULL,'---\n- 150\n- 160\n- 170\n- 180\n- 140\n- 120\n','---\n- 5\n- 6\n- 7\n- 8\n- 7\n- 6\n',NULL,'2013-05-24 13:41:42','2013-05-24 13:41:42',1),(46,'Segment 46',NULL,NULL,NULL,NULL,'---\n- 150\n- 160\n- 170\n- 180\n- 140\n- 120\n','---\n- 5\n- 6\n- 7\n- 8\n- 7\n- 6\n',NULL,'2013-05-24 13:41:42','2013-05-24 13:41:42',1),(47,'Segment 47',NULL,NULL,NULL,NULL,'---\n- 150\n- 160\n- 170\n- 180\n- 140\n- 120\n','---\n- 5\n- 6\n- 7\n- 8\n- 7\n- 6\n',NULL,'2013-05-24 13:41:42','2013-05-24 13:41:42',1),(48,'Segment 48',NULL,NULL,NULL,NULL,'---\n- 150\n- 160\n- 170\n- 180\n- 140\n- 120\n','---\n- 5\n- 6\n- 7\n- 8\n- 7\n- 6\n',NULL,'2013-05-24 13:41:42','2013-05-24 13:41:42',1),(49,'Segment 49',NULL,NULL,NULL,NULL,'---\n- 150\n- 160\n- 170\n- 180\n- 140\n- 120\n','---\n- 5\n- 6\n- 7\n- 8\n- 7\n- 6\n',NULL,'2013-05-24 13:41:42','2013-05-24 13:41:42',1),(50,'Segment 50',NULL,NULL,NULL,NULL,'---\n- 150\n- 160\n- 170\n- 180\n- 140\n- 120\n','---\n- 5\n- 6\n- 7\n- 8\n- 7\n- 6\n',NULL,'2013-05-24 13:41:42','2013-05-24 13:41:42',1),(51,'Segment 51',NULL,NULL,NULL,NULL,'---\n- 150\n- 160\n- 170\n- 180\n- 140\n- 120\n','---\n- 5\n- 6\n- 7\n- 8\n- 7\n- 6\n',NULL,'2013-05-24 13:41:42','2013-05-24 13:41:42',1),(52,'Segment 52',NULL,NULL,NULL,NULL,'---\n- 150\n- 160\n- 170\n- 180\n- 140\n- 120\n','---\n- 5\n- 6\n- 7\n- 8\n- 7\n- 6\n',NULL,'2013-05-24 13:41:43','2013-05-24 13:41:43',1),(53,'Segment 53',NULL,NULL,NULL,NULL,'---\n- 150\n- 160\n- 170\n- 180\n- 140\n- 120\n','---\n- 5\n- 6\n- 7\n- 8\n- 7\n- 6\n',NULL,'2013-05-24 13:41:43','2013-05-24 13:41:43',1),(54,'Segment 54',NULL,NULL,NULL,NULL,'---\n- 150\n- 160\n- 170\n- 180\n- 140\n- 120\n','---\n- 5\n- 6\n- 7\n- 8\n- 7\n- 6\n',NULL,'2013-05-24 13:41:43','2013-05-24 13:41:43',1),(55,'Segment 55',NULL,NULL,NULL,NULL,'---\n- 150\n- 160\n- 170\n- 180\n- 140\n- 120\n','---\n- 5\n- 6\n- 7\n- 8\n- 7\n- 6\n',NULL,'2013-05-24 13:41:43','2013-05-24 13:41:43',1),(56,'Segment 56',NULL,NULL,NULL,NULL,'---\n- 150\n- 160\n- 170\n- 180\n- 140\n- 120\n','---\n- 5\n- 6\n- 7\n- 8\n- 7\n- 6\n',NULL,'2013-05-24 13:41:43','2013-05-24 13:41:43',1),(57,'Segment 57',NULL,NULL,NULL,NULL,'---\n- 150\n- 160\n- 170\n- 180\n- 140\n- 120\n','---\n- 5\n- 6\n- 7\n- 8\n- 7\n- 6\n',NULL,'2013-05-24 13:41:43','2013-05-24 13:41:43',1),(58,'Segment 58',NULL,NULL,NULL,NULL,'---\n- 150\n- 160\n- 170\n- 180\n- 140\n- 120\n','---\n- 5\n- 6\n- 7\n- 8\n- 7\n- 6\n',NULL,'2013-05-24 13:41:44','2013-05-24 13:41:44',1),(59,'Segment 59',NULL,NULL,NULL,NULL,'---\n- 150\n- 160\n- 170\n- 180\n- 140\n- 120\n','---\n- 5\n- 6\n- 7\n- 8\n- 7\n- 6\n',NULL,'2013-05-24 13:41:44','2013-05-24 13:41:44',1),(60,'Segment 60',NULL,NULL,NULL,NULL,'---\n- 150\n- 160\n- 170\n- 180\n- 140\n- 120\n','---\n- 5\n- 6\n- 7\n- 8\n- 7\n- 6\n',NULL,'2013-05-24 13:41:44','2013-05-24 13:41:44',1),(61,'Segment 61',NULL,NULL,NULL,NULL,'---\n- 150\n- 160\n- 170\n- 180\n- 140\n- 120\n','---\n- 5\n- 6\n- 7\n- 8\n- 7\n- 6\n',NULL,'2013-05-24 13:41:44','2013-05-24 13:41:44',1),(62,'Segment 62',NULL,NULL,NULL,NULL,'---\n- 150\n- 160\n- 170\n- 180\n- 140\n- 120\n','---\n- 5\n- 6\n- 7\n- 8\n- 7\n- 6\n',NULL,'2013-05-24 13:41:44','2013-05-24 13:41:44',1),(63,'Segment 63',NULL,NULL,NULL,NULL,'---\n- 150\n- 160\n- 170\n- 180\n- 140\n- 120\n','---\n- 5\n- 6\n- 7\n- 8\n- 7\n- 6\n',NULL,'2013-05-24 13:41:44','2013-05-24 13:41:44',1),(64,'Segment 64',NULL,NULL,NULL,NULL,'---\n- 150\n- 160\n- 170\n- 180\n- 140\n- 120\n','---\n- 5\n- 6\n- 7\n- 8\n- 7\n- 6\n',NULL,'2013-05-24 13:41:44','2013-05-24 13:41:44',1),(65,'Segment 65',NULL,NULL,NULL,NULL,'---\n- 150\n- 160\n- 170\n- 180\n- 140\n- 120\n','---\n- 5\n- 6\n- 7\n- 8\n- 7\n- 6\n',NULL,'2013-05-24 13:41:44','2013-05-24 13:41:44',1),(66,'Segment 66',NULL,NULL,NULL,NULL,'---\n- 150\n- 160\n- 170\n- 180\n- 140\n- 120\n','---\n- 5\n- 6\n- 7\n- 8\n- 7\n- 6\n',NULL,'2013-05-24 13:41:45','2013-05-24 13:41:45',1),(67,'Segment 67',NULL,NULL,NULL,NULL,'---\n- 150\n- 160\n- 170\n- 180\n- 140\n- 120\n','---\n- 5\n- 6\n- 7\n- 8\n- 7\n- 6\n',NULL,'2013-05-24 13:41:45','2013-05-24 13:41:45',1),(68,'Segment 68',NULL,NULL,NULL,NULL,'---\n- 150\n- 160\n- 170\n- 180\n- 140\n- 120\n','---\n- 5\n- 6\n- 7\n- 8\n- 7\n- 6\n',NULL,'2013-05-24 13:41:45','2013-05-24 13:41:45',1),(69,'Segment 69',NULL,NULL,NULL,NULL,'---\n- 150\n- 160\n- 170\n- 180\n- 140\n- 120\n','---\n- 5\n- 6\n- 7\n- 8\n- 7\n- 6\n',NULL,'2013-05-24 13:41:45','2013-05-24 13:41:45',1),(70,'Segment 70',NULL,NULL,NULL,NULL,'---\n- 150\n- 160\n- 170\n- 180\n- 140\n- 120\n','---\n- 5\n- 6\n- 7\n- 8\n- 7\n- 6\n',NULL,'2013-05-24 13:41:45','2013-05-24 13:41:45',1),(71,'Segment 71',NULL,NULL,NULL,NULL,'---\n- 150\n- 160\n- 170\n- 180\n- 140\n- 120\n','---\n- 5\n- 6\n- 7\n- 8\n- 7\n- 6\n',NULL,'2013-05-24 13:41:45','2013-05-24 13:41:45',1),(72,'Segment 72',NULL,NULL,NULL,NULL,'---\n- 150\n- 160\n- 170\n- 180\n- 140\n- 120\n','---\n- 5\n- 6\n- 7\n- 8\n- 7\n- 6\n',NULL,'2013-05-24 13:41:45','2013-05-24 13:41:45',1),(73,'Segment 73',NULL,NULL,NULL,NULL,'---\n- 150\n- 160\n- 170\n- 180\n- 140\n- 120\n','---\n- 5\n- 6\n- 7\n- 8\n- 7\n- 6\n',NULL,'2013-05-24 13:41:46','2013-05-24 13:41:46',1),(74,'Segment 74',NULL,NULL,NULL,NULL,'---\n- 150\n- 160\n- 170\n- 180\n- 140\n- 120\n','---\n- 5\n- 6\n- 7\n- 8\n- 7\n- 6\n',NULL,'2013-05-24 13:41:46','2013-05-24 13:41:46',1),(75,'Segment 75',NULL,NULL,NULL,NULL,'---\n- 150\n- 160\n- 170\n- 180\n- 140\n- 120\n','---\n- 5\n- 6\n- 7\n- 8\n- 7\n- 6\n',NULL,'2013-05-24 13:41:46','2013-05-24 13:41:46',1),(76,'Segment 76',NULL,NULL,NULL,NULL,'---\n- 150\n- 160\n- 170\n- 180\n- 140\n- 120\n','---\n- 5\n- 6\n- 7\n- 8\n- 7\n- 6\n',NULL,'2013-05-24 13:41:46','2013-05-24 13:41:46',1),(77,'Segment 77',NULL,NULL,NULL,NULL,'---\n- 150\n- 160\n- 170\n- 180\n- 140\n- 120\n','---\n- 5\n- 6\n- 7\n- 8\n- 7\n- 6\n',NULL,'2013-05-24 13:41:46','2013-05-24 13:41:46',1),(78,'Segment 78',NULL,NULL,NULL,NULL,'---\n- 150\n- 160\n- 170\n- 180\n- 140\n- 120\n','---\n- 5\n- 6\n- 7\n- 8\n- 7\n- 6\n',NULL,'2013-05-24 13:41:46','2013-05-24 13:41:46',1),(79,'Segment 79',NULL,NULL,NULL,NULL,'---\n- 150\n- 160\n- 170\n- 180\n- 140\n- 120\n','---\n- 5\n- 6\n- 7\n- 8\n- 7\n- 6\n',NULL,'2013-05-24 13:41:46','2013-05-24 13:41:46',1),(80,'Segment 80',NULL,NULL,NULL,NULL,'---\n- 150\n- 160\n- 170\n- 180\n- 140\n- 120\n','---\n- 5\n- 6\n- 7\n- 8\n- 7\n- 6\n',NULL,'2013-05-24 13:41:46','2013-05-24 13:41:46',1),(81,'Segment 81',NULL,NULL,NULL,NULL,'---\n- 150\n- 160\n- 170\n- 180\n- 140\n- 120\n','---\n- 5\n- 6\n- 7\n- 8\n- 7\n- 6\n',NULL,'2013-05-24 13:41:46','2013-05-24 13:41:46',1),(82,'Segment 82',NULL,NULL,NULL,NULL,'---\n- 150\n- 160\n- 170\n- 180\n- 140\n- 120\n','---\n- 5\n- 6\n- 7\n- 8\n- 7\n- 6\n',NULL,'2013-05-24 13:41:47','2013-05-24 13:41:47',1),(83,'Segment 83',NULL,NULL,NULL,NULL,'---\n- 150\n- 160\n- 170\n- 180\n- 140\n- 120\n','---\n- 5\n- 6\n- 7\n- 8\n- 7\n- 6\n',NULL,'2013-05-24 13:41:47','2013-05-24 13:41:47',1),(84,'Segment 84',NULL,NULL,NULL,NULL,'---\n- 150\n- 160\n- 170\n- 180\n- 140\n- 120\n','---\n- 5\n- 6\n- 7\n- 8\n- 7\n- 6\n',NULL,'2013-05-24 13:41:47','2013-05-24 13:41:47',1),(85,'Segment 85',NULL,NULL,NULL,NULL,'---\n- 150\n- 160\n- 170\n- 180\n- 140\n- 120\n','---\n- 5\n- 6\n- 7\n- 8\n- 7\n- 6\n',NULL,'2013-05-24 13:41:47','2013-05-24 13:41:47',1),(86,'Segment 86',NULL,NULL,NULL,NULL,'---\n- 150\n- 160\n- 170\n- 180\n- 140\n- 120\n','---\n- 5\n- 6\n- 7\n- 8\n- 7\n- 6\n',NULL,'2013-05-24 13:41:47','2013-05-24 13:41:47',1),(87,'Segment 87',NULL,NULL,NULL,NULL,'---\n- 150\n- 160\n- 170\n- 180\n- 140\n- 120\n','---\n- 5\n- 6\n- 7\n- 8\n- 7\n- 6\n',NULL,'2013-05-24 13:41:48','2013-05-24 13:41:48',1),(88,'Segment 88',NULL,NULL,NULL,NULL,'---\n- 150\n- 160\n- 170\n- 180\n- 140\n- 120\n','---\n- 5\n- 6\n- 7\n- 8\n- 7\n- 6\n',NULL,'2013-05-24 13:41:48','2013-05-24 13:41:48',1),(89,'Segment 89',NULL,NULL,NULL,NULL,'---\n- 150\n- 160\n- 170\n- 180\n- 140\n- 120\n','---\n- 5\n- 6\n- 7\n- 8\n- 7\n- 6\n',NULL,'2013-05-24 13:41:48','2013-05-24 13:41:48',1),(90,'Segment 90',NULL,NULL,NULL,NULL,'---\n- 150\n- 160\n- 170\n- 180\n- 140\n- 120\n','---\n- 5\n- 6\n- 7\n- 8\n- 7\n- 6\n',NULL,'2013-05-24 13:41:48','2013-05-24 13:41:48',1),(91,'Segment 91',NULL,NULL,NULL,NULL,'---\n- 150\n- 160\n- 170\n- 180\n- 140\n- 120\n','---\n- 5\n- 6\n- 7\n- 8\n- 7\n- 6\n',NULL,'2013-05-24 13:41:49','2013-05-24 13:41:49',1),(92,'Segment 92',NULL,NULL,NULL,NULL,'---\n- 150\n- 160\n- 170\n- 180\n- 140\n- 120\n','---\n- 5\n- 6\n- 7\n- 8\n- 7\n- 6\n',NULL,'2013-05-24 13:41:49','2013-05-24 13:41:49',1),(93,'Segment 93',NULL,NULL,NULL,NULL,'---\n- 150\n- 160\n- 170\n- 180\n- 140\n- 120\n','---\n- 5\n- 6\n- 7\n- 8\n- 7\n- 6\n',NULL,'2013-05-24 13:41:49','2013-05-24 13:41:49',1),(94,'Segment 94',NULL,NULL,NULL,NULL,'---\n- 150\n- 160\n- 170\n- 180\n- 140\n- 120\n','---\n- 5\n- 6\n- 7\n- 8\n- 7\n- 6\n',NULL,'2013-05-24 13:41:49','2013-05-24 13:41:49',1),(95,'Segment 95',NULL,NULL,NULL,NULL,'---\n- 150\n- 160\n- 170\n- 180\n- 140\n- 120\n','---\n- 5\n- 6\n- 7\n- 8\n- 7\n- 6\n',NULL,'2013-05-24 13:41:50','2013-05-24 13:41:50',1),(96,'Segment 96',NULL,NULL,NULL,NULL,'---\n- 150\n- 160\n- 170\n- 180\n- 140\n- 120\n','---\n- 5\n- 6\n- 7\n- 8\n- 7\n- 6\n',NULL,'2013-05-24 13:41:50','2013-05-24 13:41:50',1),(97,'Segment 97',NULL,NULL,NULL,NULL,'---\n- 150\n- 160\n- 170\n- 180\n- 140\n- 120\n','---\n- 5\n- 6\n- 7\n- 8\n- 7\n- 6\n',NULL,'2013-05-24 13:41:50','2013-05-24 13:41:50',1),(98,'Segment 98',NULL,NULL,NULL,NULL,'---\n- 150\n- 160\n- 170\n- 180\n- 140\n- 120\n','---\n- 5\n- 6\n- 7\n- 8\n- 7\n- 6\n',NULL,'2013-05-24 13:41:50','2013-05-24 13:41:50',1),(99,'Segment 99',NULL,NULL,NULL,NULL,'---\n- 150\n- 160\n- 170\n- 180\n- 140\n- 120\n','---\n- 5\n- 6\n- 7\n- 8\n- 7\n- 6\n',NULL,'2013-05-24 13:41:51','2013-05-24 13:41:51',1),(100,'Segment 100',NULL,NULL,NULL,NULL,'---\n- 150\n- 160\n- 170\n- 180\n- 140\n- 120\n','---\n- 5\n- 6\n- 7\n- 8\n- 7\n- 6\n',NULL,'2013-05-24 13:41:51','2013-05-24 13:41:51',1),(101,'Segment 101',NULL,NULL,NULL,NULL,'---\n- 150\n- 160\n- 170\n- 180\n- 140\n- 120\n','---\n- 5\n- 6\n- 7\n- 8\n- 7\n- 6\n',NULL,'2013-05-24 13:41:51','2013-05-24 13:41:51',1),(102,'Segment 102',NULL,NULL,NULL,NULL,'---\n- 150\n- 160\n- 170\n- 180\n- 140\n- 120\n','---\n- 5\n- 6\n- 7\n- 8\n- 7\n- 6\n',NULL,'2013-05-24 13:41:51','2013-05-24 13:41:51',1),(103,'Segment 103',NULL,NULL,NULL,NULL,'---\n- 150\n- 160\n- 170\n- 180\n- 140\n- 120\n','---\n- 5\n- 6\n- 7\n- 8\n- 7\n- 6\n',NULL,'2013-05-24 13:41:52','2013-05-24 13:41:52',1),(104,'Segment 104',NULL,NULL,NULL,NULL,'---\n- 150\n- 160\n- 170\n- 180\n- 140\n- 120\n','---\n- 5\n- 6\n- 7\n- 8\n- 7\n- 6\n',NULL,'2013-05-24 13:41:52','2013-05-24 13:41:52',1),(105,'Segment 105',NULL,NULL,NULL,NULL,'---\n- 150\n- 160\n- 170\n- 180\n- 140\n- 120\n','---\n- 5\n- 6\n- 7\n- 8\n- 7\n- 6\n',NULL,'2013-05-24 13:41:52','2013-05-24 13:41:52',1),(106,'Segment 106',NULL,NULL,NULL,NULL,'---\n- 150\n- 160\n- 170\n- 180\n- 140\n- 120\n','---\n- 5\n- 6\n- 7\n- 8\n- 7\n- 6\n',NULL,'2013-05-24 13:41:52','2013-05-24 13:41:52',1),(107,'Segment 107',NULL,NULL,NULL,NULL,'---\n- 150\n- 160\n- 170\n- 180\n- 140\n- 120\n','---\n- 5\n- 6\n- 7\n- 8\n- 7\n- 6\n',NULL,'2013-05-24 13:41:53','2013-05-24 13:41:53',1),(108,'Segment 108',NULL,NULL,NULL,NULL,'---\n- 150\n- 160\n- 170\n- 180\n- 140\n- 120\n','---\n- 5\n- 6\n- 7\n- 8\n- 7\n- 6\n',NULL,'2013-05-24 13:41:53','2013-05-24 13:41:53',1),(109,'Segment 109',NULL,NULL,NULL,NULL,'---\n- 150\n- 160\n- 170\n- 180\n- 140\n- 120\n','---\n- 5\n- 6\n- 7\n- 8\n- 7\n- 6\n',NULL,'2013-05-24 13:41:53','2013-05-24 13:41:53',1),(110,'Segment 110',NULL,NULL,NULL,NULL,'---\n- 150\n- 160\n- 170\n- 180\n- 140\n- 120\n','---\n- 5\n- 6\n- 7\n- 8\n- 7\n- 6\n',NULL,'2013-05-24 13:41:54','2013-05-24 13:41:54',1),(111,'Segment 111',NULL,NULL,NULL,NULL,'---\n- 150\n- 160\n- 170\n- 180\n- 140\n- 120\n','---\n- 5\n- 6\n- 7\n- 8\n- 7\n- 6\n',NULL,'2013-05-24 13:41:54','2013-05-24 13:41:54',1),(112,'Segment 112',NULL,NULL,NULL,NULL,'---\n- 150\n- 160\n- 170\n- 180\n- 140\n- 120\n','---\n- 5\n- 6\n- 7\n- 8\n- 7\n- 6\n',NULL,'2013-05-24 13:41:54','2013-05-24 13:41:54',1),(113,'Segment 113',NULL,NULL,NULL,NULL,'---\n- 150\n- 160\n- 170\n- 180\n- 140\n- 120\n','---\n- 5\n- 6\n- 7\n- 8\n- 7\n- 6\n',NULL,'2013-05-24 13:41:54','2013-05-24 13:41:54',1),(114,'Segment 114',NULL,NULL,NULL,NULL,'---\n- 150\n- 160\n- 170\n- 180\n- 140\n- 120\n','---\n- 5\n- 6\n- 7\n- 8\n- 7\n- 6\n',NULL,'2013-05-24 13:41:54','2013-05-24 13:41:54',1),(115,'Segment 115',NULL,NULL,NULL,NULL,'---\n- 150\n- 160\n- 170\n- 180\n- 140\n- 120\n','---\n- 5\n- 6\n- 7\n- 8\n- 7\n- 6\n',NULL,'2013-05-24 13:41:55','2013-05-24 13:41:55',1),(116,'Segment 116',NULL,NULL,NULL,NULL,'---\n- 150\n- 160\n- 170\n- 180\n- 140\n- 120\n','---\n- 5\n- 6\n- 7\n- 8\n- 7\n- 6\n',NULL,'2013-05-24 13:41:55','2013-05-24 13:41:55',1),(117,'Segment 117',NULL,NULL,NULL,NULL,'---\n- 150\n- 160\n- 170\n- 180\n- 140\n- 120\n','---\n- 5\n- 6\n- 7\n- 8\n- 7\n- 6\n',NULL,'2013-05-24 13:41:55','2013-05-24 13:41:55',1),(118,'Segment 118',NULL,NULL,NULL,NULL,'---\n- 150\n- 160\n- 170\n- 180\n- 140\n- 120\n','---\n- 5\n- 6\n- 7\n- 8\n- 7\n- 6\n',NULL,'2013-05-24 13:41:56','2013-05-24 13:41:56',1),(119,'Segment 119',NULL,NULL,NULL,NULL,'---\n- 150\n- 160\n- 170\n- 180\n- 140\n- 120\n','---\n- 5\n- 6\n- 7\n- 8\n- 7\n- 6\n',NULL,'2013-05-24 13:41:56','2013-05-24 13:41:56',1),(120,'Segment 120',NULL,NULL,NULL,NULL,'---\n- 150\n- 160\n- 170\n- 180\n- 140\n- 120\n','---\n- 5\n- 6\n- 7\n- 8\n- 7\n- 6\n',NULL,'2013-05-24 13:41:56','2013-05-24 13:41:56',1),(121,'Segment 121',NULL,NULL,NULL,NULL,'---\n- 150\n- 160\n- 170\n- 180\n- 140\n- 120\n','---\n- 5\n- 6\n- 7\n- 8\n- 7\n- 6\n',NULL,'2013-05-24 13:41:56','2013-05-24 13:41:56',1),(122,'Segment 122',NULL,NULL,NULL,NULL,'---\n- 150\n- 160\n- 170\n- 180\n- 140\n- 120\n','---\n- 5\n- 6\n- 7\n- 8\n- 7\n- 6\n',NULL,'2013-05-24 13:41:56','2013-05-24 13:41:56',1),(123,'Segment 123',NULL,NULL,NULL,NULL,'---\n- 150\n- 160\n- 170\n- 180\n- 140\n- 120\n','---\n- 5\n- 6\n- 7\n- 8\n- 7\n- 6\n',NULL,'2013-05-24 13:41:56','2013-05-24 13:41:56',1),(124,'Segment 124',NULL,NULL,NULL,NULL,'---\n- 150\n- 160\n- 170\n- 180\n- 140\n- 120\n','---\n- 5\n- 6\n- 7\n- 8\n- 7\n- 6\n',NULL,'2013-05-24 13:41:56','2013-05-24 13:41:56',1),(125,'Segment 125',NULL,NULL,NULL,NULL,'---\n- 150\n- 160\n- 170\n- 180\n- 140\n- 120\n','---\n- 5\n- 6\n- 7\n- 8\n- 7\n- 6\n',NULL,'2013-05-24 13:41:56','2013-05-24 13:41:56',1),(126,'Segment 126',NULL,NULL,NULL,NULL,'---\n- 150\n- 160\n- 170\n- 180\n- 140\n- 120\n','---\n- 5\n- 6\n- 7\n- 8\n- 7\n- 6\n',NULL,'2013-05-24 13:41:57','2013-05-24 13:41:57',1),(127,'Segment 127',NULL,NULL,NULL,NULL,'---\n- 150\n- 160\n- 170\n- 180\n- 140\n- 120\n','---\n- 5\n- 6\n- 7\n- 8\n- 7\n- 6\n',NULL,'2013-05-24 13:41:57','2013-05-24 13:41:57',1),(128,'Segment 128',NULL,NULL,NULL,NULL,'---\n- 150\n- 160\n- 170\n- 180\n- 140\n- 120\n','---\n- 5\n- 6\n- 7\n- 8\n- 7\n- 6\n',NULL,'2013-05-24 13:41:57','2013-05-24 13:41:57',1),(129,'Segment 129',NULL,NULL,NULL,NULL,'---\n- 150\n- 160\n- 170\n- 180\n- 140\n- 120\n','---\n- 5\n- 6\n- 7\n- 8\n- 7\n- 6\n',NULL,'2013-05-24 13:41:57','2013-05-24 13:41:57',1),(130,'Segment 130',NULL,NULL,NULL,NULL,'---\n- 150\n- 160\n- 170\n- 180\n- 140\n- 120\n','---\n- 5\n- 6\n- 7\n- 8\n- 7\n- 6\n',NULL,'2013-05-24 13:41:58','2013-05-24 13:41:58',1),(131,'Segment 131',NULL,NULL,NULL,NULL,'---\n- 150\n- 160\n- 170\n- 180\n- 140\n- 120\n','---\n- 5\n- 6\n- 7\n- 8\n- 7\n- 6\n',NULL,'2013-05-24 13:41:58','2013-05-24 13:41:58',1),(132,'Segment 132',NULL,NULL,NULL,NULL,'---\n- 150\n- 160\n- 170\n- 180\n- 140\n- 120\n','---\n- 5\n- 6\n- 7\n- 8\n- 7\n- 6\n',NULL,'2013-05-24 13:41:58','2013-05-24 13:41:58',1),(133,'Segment 133',NULL,NULL,NULL,NULL,'---\n- 150\n- 160\n- 170\n- 180\n- 140\n- 120\n','---\n- 5\n- 6\n- 7\n- 8\n- 7\n- 6\n',NULL,'2013-05-24 13:41:59','2013-05-24 13:41:59',1),(134,'Segment 134',NULL,NULL,NULL,NULL,'---\n- 150\n- 160\n- 170\n- 180\n- 140\n- 120\n','---\n- 5\n- 6\n- 7\n- 8\n- 7\n- 6\n',NULL,'2013-05-24 13:42:00','2013-05-24 13:42:00',1),(135,'Segment 135',NULL,NULL,NULL,NULL,'---\n- 150\n- 160\n- 170\n- 180\n- 140\n- 120\n','---\n- 5\n- 6\n- 7\n- 8\n- 7\n- 6\n',NULL,'2013-05-24 13:42:00','2013-05-24 13:42:00',1),(136,'Segment 136',NULL,NULL,NULL,NULL,'---\n- 150\n- 160\n- 170\n- 180\n- 140\n- 120\n','---\n- 5\n- 6\n- 7\n- 8\n- 7\n- 6\n',NULL,'2013-05-24 13:42:00','2013-05-24 13:42:00',1),(137,'Segment 137',NULL,NULL,NULL,NULL,'---\n- 150\n- 160\n- 170\n- 180\n- 140\n- 120\n','---\n- 5\n- 6\n- 7\n- 8\n- 7\n- 6\n',NULL,'2013-05-24 13:42:00','2013-05-24 13:42:00',1),(138,'Segment 138',NULL,NULL,NULL,NULL,'---\n- 150\n- 160\n- 170\n- 180\n- 140\n- 120\n','---\n- 5\n- 6\n- 7\n- 8\n- 7\n- 6\n',NULL,'2013-05-24 13:42:00','2013-05-24 13:42:00',1),(139,'Segment 139',NULL,NULL,NULL,NULL,'---\n- 150\n- 160\n- 170\n- 180\n- 140\n- 120\n','---\n- 5\n- 6\n- 7\n- 8\n- 7\n- 6\n',NULL,'2013-05-24 13:42:02','2013-05-24 13:42:02',1),(140,'Segment 140',NULL,NULL,NULL,NULL,'---\n- 150\n- 160\n- 170\n- 180\n- 140\n- 120\n','---\n- 5\n- 6\n- 7\n- 8\n- 7\n- 6\n',NULL,'2013-05-24 13:42:03','2013-05-24 13:42:03',1),(141,'Segment 141',NULL,NULL,NULL,NULL,'---\n- 150\n- 160\n- 170\n- 180\n- 140\n- 120\n','---\n- 5\n- 6\n- 7\n- 8\n- 7\n- 6\n',NULL,'2013-05-24 13:42:04','2013-05-24 13:42:04',1),(142,'Segment 142',NULL,NULL,NULL,NULL,'---\n- 150\n- 160\n- 170\n- 180\n- 140\n- 120\n','---\n- 5\n- 6\n- 7\n- 8\n- 7\n- 6\n',NULL,'2013-05-24 13:42:04','2013-05-24 13:42:04',1),(143,'Segment 143',NULL,NULL,NULL,NULL,'---\n- 150\n- 160\n- 170\n- 180\n- 140\n- 120\n','---\n- 5\n- 6\n- 7\n- 8\n- 7\n- 6\n',NULL,'2013-05-24 13:42:04','2013-05-24 13:42:04',1),(144,'Segment 144',NULL,NULL,NULL,NULL,'---\n- 150\n- 160\n- 170\n- 180\n- 140\n- 120\n','---\n- 5\n- 6\n- 7\n- 8\n- 7\n- 6\n',NULL,'2013-05-24 13:42:04','2013-05-24 13:42:04',1),(145,'Segment 145',NULL,NULL,NULL,NULL,'---\n- 150\n- 160\n- 170\n- 180\n- 140\n- 120\n','---\n- 5\n- 6\n- 7\n- 8\n- 7\n- 6\n',NULL,'2013-05-24 13:42:05','2013-05-24 13:42:05',1),(146,'Segment 146',NULL,NULL,NULL,NULL,'---\n- 150\n- 160\n- 170\n- 180\n- 140\n- 120\n','---\n- 5\n- 6\n- 7\n- 8\n- 7\n- 6\n',NULL,'2013-05-24 13:42:05','2013-05-24 13:42:05',1),(147,'Segment 147',NULL,NULL,NULL,NULL,'---\n- 150\n- 160\n- 170\n- 180\n- 140\n- 120\n','---\n- 5\n- 6\n- 7\n- 8\n- 7\n- 6\n',NULL,'2013-05-24 13:42:05','2013-05-24 13:42:05',1),(148,'Segment 148',NULL,NULL,NULL,NULL,'---\n- 150\n- 160\n- 170\n- 180\n- 140\n- 120\n','---\n- 5\n- 6\n- 7\n- 8\n- 7\n- 6\n',NULL,'2013-05-24 13:42:05','2013-05-24 13:42:05',1),(149,'Segment 149',NULL,NULL,NULL,NULL,'---\n- 150\n- 160\n- 170\n- 180\n- 140\n- 120\n','---\n- 5\n- 6\n- 7\n- 8\n- 7\n- 6\n',NULL,'2013-05-24 13:42:05','2013-05-24 13:42:05',1),(150,'Segment 150',NULL,NULL,NULL,NULL,'---\n- 150\n- 160\n- 170\n- 180\n- 140\n- 120\n','---\n- 5\n- 6\n- 7\n- 8\n- 7\n- 6\n',NULL,'2013-05-24 13:42:05','2013-05-24 13:42:05',1),(151,'Segment 151',NULL,NULL,NULL,NULL,'---\n- 150\n- 160\n- 170\n- 180\n- 140\n- 120\n','---\n- 5\n- 6\n- 7\n- 8\n- 7\n- 6\n',NULL,'2013-05-24 13:42:06','2013-05-24 13:42:06',1),(152,'Segment 152',NULL,NULL,NULL,NULL,'---\n- 150\n- 160\n- 170\n- 180\n- 140\n- 120\n','---\n- 5\n- 6\n- 7\n- 8\n- 7\n- 6\n',NULL,'2013-05-24 13:42:06','2013-05-24 13:42:06',1),(153,'Segment 153',NULL,NULL,NULL,NULL,'---\n- 150\n- 160\n- 170\n- 180\n- 140\n- 120\n','---\n- 5\n- 6\n- 7\n- 8\n- 7\n- 6\n',NULL,'2013-05-24 13:42:06','2013-05-24 13:42:06',1),(154,'Segment 154',NULL,NULL,NULL,NULL,'---\n- 150\n- 160\n- 170\n- 180\n- 140\n- 120\n','---\n- 5\n- 6\n- 7\n- 8\n- 7\n- 6\n',NULL,'2013-05-24 13:42:06','2013-05-24 13:42:06',1),(155,'Segment 155',NULL,NULL,NULL,NULL,'---\n- 150\n- 160\n- 170\n- 180\n- 140\n- 120\n','---\n- 5\n- 6\n- 7\n- 8\n- 7\n- 6\n',NULL,'2013-05-24 13:42:07','2013-05-24 13:42:07',1),(156,'Segment 156',NULL,NULL,NULL,NULL,'---\n- 150\n- 160\n- 170\n- 180\n- 140\n- 120\n','---\n- 5\n- 6\n- 7\n- 8\n- 7\n- 6\n',NULL,'2013-05-24 13:42:07','2013-05-24 13:42:07',1),(157,'Segment 157',NULL,NULL,NULL,NULL,'---\n- 150\n- 160\n- 170\n- 180\n- 140\n- 120\n','---\n- 5\n- 6\n- 7\n- 8\n- 7\n- 6\n',NULL,'2013-05-24 13:42:07','2013-05-24 13:42:07',1),(158,'Segment 158',NULL,NULL,NULL,NULL,'---\n- 150\n- 160\n- 170\n- 180\n- 140\n- 120\n','---\n- 5\n- 6\n- 7\n- 8\n- 7\n- 6\n',NULL,'2013-05-24 13:42:07','2013-05-24 13:42:07',1),(159,'Segment 159',NULL,NULL,NULL,NULL,'---\n- 150\n- 160\n- 170\n- 180\n- 140\n- 120\n','---\n- 5\n- 6\n- 7\n- 8\n- 7\n- 6\n',NULL,'2013-05-24 13:42:08','2013-05-24 13:42:08',1),(160,'Segment 160',NULL,NULL,NULL,NULL,'---\n- 150\n- 160\n- 170\n- 180\n- 140\n- 120\n','---\n- 5\n- 6\n- 7\n- 8\n- 7\n- 6\n',NULL,'2013-05-24 13:42:08','2013-05-24 13:42:08',1),(161,'Segment 161',NULL,NULL,NULL,NULL,'---\n- 150\n- 160\n- 170\n- 180\n- 140\n- 120\n','---\n- 5\n- 6\n- 7\n- 8\n- 7\n- 6\n',NULL,'2013-05-24 13:42:08','2013-05-24 13:42:08',1),(162,'Segment 162',NULL,NULL,NULL,NULL,'---\n- 150\n- 160\n- 170\n- 180\n- 140\n- 120\n','---\n- 5\n- 6\n- 7\n- 8\n- 7\n- 6\n',NULL,'2013-05-24 13:42:08','2013-05-24 13:42:08',1),(163,'Segment 163',NULL,NULL,NULL,NULL,'---\n- 150\n- 160\n- 170\n- 180\n- 140\n- 120\n','---\n- 5\n- 6\n- 7\n- 8\n- 7\n- 6\n',NULL,'2013-05-24 13:42:09','2013-05-24 13:42:09',1),(164,'Segment 164',NULL,NULL,NULL,NULL,'---\n- 150\n- 160\n- 170\n- 180\n- 140\n- 120\n','---\n- 5\n- 6\n- 7\n- 8\n- 7\n- 6\n',NULL,'2013-05-24 13:42:09','2013-05-24 13:42:09',1),(165,'Segment 165',NULL,NULL,NULL,NULL,'---\n- 150\n- 160\n- 170\n- 180\n- 140\n- 120\n','---\n- 5\n- 6\n- 7\n- 8\n- 7\n- 6\n',NULL,'2013-05-24 13:42:09','2013-05-24 13:42:09',1),(166,'Segment 166',NULL,NULL,NULL,NULL,'---\n- 150\n- 160\n- 170\n- 180\n- 140\n- 120\n','---\n- 5\n- 6\n- 7\n- 8\n- 7\n- 6\n',NULL,'2013-05-24 13:42:09','2013-05-24 13:42:09',1),(167,'Segment 167',NULL,NULL,NULL,NULL,'---\n- 150\n- 160\n- 170\n- 180\n- 140\n- 120\n','---\n- 5\n- 6\n- 7\n- 8\n- 7\n- 6\n',NULL,'2013-05-24 13:42:09','2013-05-24 13:42:09',1),(168,'Segment 168',NULL,NULL,NULL,NULL,'---\n- 150\n- 160\n- 170\n- 180\n- 140\n- 120\n','---\n- 5\n- 6\n- 7\n- 8\n- 7\n- 6\n',NULL,'2013-05-24 13:42:10','2013-05-24 13:42:10',1),(169,'Segment 169',NULL,NULL,NULL,NULL,'---\n- 150\n- 160\n- 170\n- 180\n- 140\n- 120\n','---\n- 5\n- 6\n- 7\n- 8\n- 7\n- 6\n',NULL,'2013-05-24 13:42:10','2013-05-24 13:42:10',1),(170,'Segment 170',NULL,NULL,NULL,NULL,'---\n- 150\n- 160\n- 170\n- 180\n- 140\n- 120\n','---\n- 5\n- 6\n- 7\n- 8\n- 7\n- 6\n',NULL,'2013-05-24 13:42:10','2013-05-24 13:42:10',1),(171,'Segment 171',NULL,NULL,NULL,NULL,'---\n- 150\n- 160\n- 170\n- 180\n- 140\n- 120\n','---\n- 5\n- 6\n- 7\n- 8\n- 7\n- 6\n',NULL,'2013-05-24 13:42:10','2013-05-24 13:42:10',1),(172,'Segment 172',NULL,NULL,NULL,NULL,'---\n- 150\n- 160\n- 170\n- 180\n- 140\n- 120\n','---\n- 5\n- 6\n- 7\n- 8\n- 7\n- 6\n',NULL,'2013-05-24 13:42:10','2013-05-24 13:42:10',1),(173,'Segment 173',NULL,NULL,NULL,NULL,'---\n- 150\n- 160\n- 170\n- 180\n- 140\n- 120\n','---\n- 5\n- 6\n- 7\n- 8\n- 7\n- 6\n',NULL,'2013-05-24 13:42:10','2013-05-24 13:42:10',1),(174,'Segment 174',NULL,NULL,NULL,NULL,'---\n- 150\n- 160\n- 170\n- 180\n- 140\n- 120\n','---\n- 5\n- 6\n- 7\n- 8\n- 7\n- 6\n',NULL,'2013-05-24 13:42:10','2013-05-24 13:42:10',1),(175,'Segment 175',NULL,NULL,NULL,NULL,'---\n- 150\n- 160\n- 170\n- 180\n- 140\n- 120\n','---\n- 5\n- 6\n- 7\n- 8\n- 7\n- 6\n',NULL,'2013-05-24 13:42:11','2013-05-24 13:42:11',1),(176,'Segment 176',NULL,NULL,NULL,NULL,'---\n- 150\n- 160\n- 170\n- 180\n- 140\n- 120\n','---\n- 5\n- 6\n- 7\n- 8\n- 7\n- 6\n',NULL,'2013-05-24 13:42:11','2013-05-24 13:42:11',1),(177,'Segment 177',NULL,NULL,NULL,NULL,'---\n- 150\n- 160\n- 170\n- 180\n- 140\n- 120\n','---\n- 5\n- 6\n- 7\n- 8\n- 7\n- 6\n',NULL,'2013-05-24 13:42:11','2013-05-24 13:42:11',1),(178,'Segment 178',NULL,NULL,NULL,NULL,'---\n- 150\n- 160\n- 170\n- 180\n- 140\n- 120\n','---\n- 5\n- 6\n- 7\n- 8\n- 7\n- 6\n',NULL,'2013-05-24 13:42:11','2013-05-24 13:42:11',1),(179,'Segment 179',NULL,NULL,NULL,NULL,'---\n- 150\n- 160\n- 170\n- 180\n- 140\n- 120\n','---\n- 5\n- 6\n- 7\n- 8\n- 7\n- 6\n',NULL,'2013-05-24 13:42:11','2013-05-24 13:42:11',1),(180,'Segment 180',NULL,NULL,NULL,NULL,'---\n- 150\n- 160\n- 170\n- 180\n- 140\n- 120\n','---\n- 5\n- 6\n- 7\n- 8\n- 7\n- 6\n',NULL,'2013-05-24 13:42:11','2013-05-24 13:42:11',1),(181,'Segment 181',NULL,NULL,NULL,NULL,'---\n- 150\n- 160\n- 170\n- 180\n- 140\n- 120\n','---\n- 5\n- 6\n- 7\n- 8\n- 7\n- 6\n',NULL,'2013-05-24 13:42:11','2013-05-24 13:42:11',1),(182,'Segment 182',NULL,NULL,NULL,NULL,'---\n- 150\n- 160\n- 170\n- 180\n- 140\n- 120\n','---\n- 5\n- 6\n- 7\n- 8\n- 7\n- 6\n',NULL,'2013-05-24 13:42:12','2013-05-24 13:42:12',1),(183,'Segment 183',NULL,NULL,NULL,NULL,'---\n- 150\n- 160\n- 170\n- 180\n- 140\n- 120\n','---\n- 5\n- 6\n- 7\n- 8\n- 7\n- 6\n',NULL,'2013-05-24 13:42:12','2013-05-24 13:42:12',1),(184,'Segment 184',NULL,NULL,NULL,NULL,'---\n- 150\n- 160\n- 170\n- 180\n- 140\n- 120\n','---\n- 5\n- 6\n- 7\n- 8\n- 7\n- 6\n',NULL,'2013-05-24 13:42:12','2013-05-24 13:42:12',1),(185,'Segment 185',NULL,NULL,NULL,NULL,'---\n- 150\n- 160\n- 170\n- 180\n- 140\n- 120\n','---\n- 5\n- 6\n- 7\n- 8\n- 7\n- 6\n',NULL,'2013-05-24 13:42:12','2013-05-24 13:42:12',1),(186,'Segment 186',NULL,NULL,NULL,NULL,'---\n- 150\n- 160\n- 170\n- 180\n- 140\n- 120\n','---\n- 5\n- 6\n- 7\n- 8\n- 7\n- 6\n',NULL,'2013-05-24 13:42:12','2013-05-24 13:42:12',1),(187,'Segment 187',NULL,NULL,NULL,NULL,'---\n- 150\n- 160\n- 170\n- 180\n- 140\n- 120\n','---\n- 5\n- 6\n- 7\n- 8\n- 7\n- 6\n',NULL,'2013-05-24 13:42:12','2013-05-24 13:42:12',1),(188,'Segment 188',NULL,NULL,NULL,NULL,'---\n- 150\n- 160\n- 170\n- 180\n- 140\n- 120\n','---\n- 5\n- 6\n- 7\n- 8\n- 7\n- 6\n',NULL,'2013-05-24 13:42:13','2013-05-24 13:42:13',1),(189,'Segment 189',NULL,NULL,NULL,NULL,'---\n- 150\n- 160\n- 170\n- 180\n- 140\n- 120\n','---\n- 5\n- 6\n- 7\n- 8\n- 7\n- 6\n',NULL,'2013-05-24 13:42:13','2013-05-24 13:42:13',1),(190,'Segment 190',NULL,NULL,NULL,NULL,'---\n- 150\n- 160\n- 170\n- 180\n- 140\n- 120\n','---\n- 5\n- 6\n- 7\n- 8\n- 7\n- 6\n',NULL,'2013-05-24 13:42:13','2013-05-24 13:42:13',1),(191,'Segment 191',NULL,NULL,NULL,NULL,'---\n- 150\n- 160\n- 170\n- 180\n- 140\n- 120\n','---\n- 5\n- 6\n- 7\n- 8\n- 7\n- 6\n',NULL,'2013-05-24 13:42:13','2013-05-24 13:42:13',1),(192,'Segment 192',NULL,NULL,NULL,NULL,'---\n- 150\n- 160\n- 170\n- 180\n- 140\n- 120\n','---\n- 5\n- 6\n- 7\n- 8\n- 7\n- 6\n',NULL,'2013-05-24 13:42:13','2013-05-24 13:42:13',1),(193,'Segment 193',NULL,NULL,NULL,NULL,'---\n- 150\n- 160\n- 170\n- 180\n- 140\n- 120\n','---\n- 5\n- 6\n- 7\n- 8\n- 7\n- 6\n',NULL,'2013-05-24 13:42:14','2013-05-24 13:42:14',1),(194,'Segment 194',NULL,NULL,NULL,NULL,'---\n- 150\n- 160\n- 170\n- 180\n- 140\n- 120\n','---\n- 5\n- 6\n- 7\n- 8\n- 7\n- 6\n',NULL,'2013-05-24 13:42:14','2013-05-24 13:42:14',1),(195,'Segment 195',NULL,NULL,NULL,NULL,'---\n- 150\n- 160\n- 170\n- 180\n- 140\n- 120\n','---\n- 5\n- 6\n- 7\n- 8\n- 7\n- 6\n',NULL,'2013-05-24 13:42:14','2013-05-24 13:42:14',1),(196,'Segment 196',NULL,NULL,NULL,NULL,'---\n- 150\n- 160\n- 170\n- 180\n- 140\n- 120\n','---\n- 5\n- 6\n- 7\n- 8\n- 7\n- 6\n',NULL,'2013-05-24 13:42:14','2013-05-24 13:42:14',1),(197,'Segment 197',NULL,NULL,NULL,NULL,'---\n- 150\n- 160\n- 170\n- 180\n- 140\n- 120\n','---\n- 5\n- 6\n- 7\n- 8\n- 7\n- 6\n',NULL,'2013-05-24 13:42:14','2013-05-24 13:42:14',1),(198,'Segment 198',NULL,NULL,NULL,NULL,'---\n- 150\n- 160\n- 170\n- 180\n- 140\n- 120\n','---\n- 5\n- 6\n- 7\n- 8\n- 7\n- 6\n',NULL,'2013-05-24 13:42:14','2013-05-24 13:42:14',1),(199,'Segment 199',NULL,NULL,NULL,NULL,'---\n- 150\n- 160\n- 170\n- 180\n- 140\n- 120\n','---\n- 5\n- 6\n- 7\n- 8\n- 7\n- 6\n',NULL,'2013-05-24 13:42:14','2013-05-24 13:42:14',1),(200,'Segment 200',NULL,NULL,NULL,NULL,'---\n- 150\n- 160\n- 170\n- 180\n- 140\n- 120\n','---\n- 5\n- 6\n- 7\n- 8\n- 7\n- 6\n',NULL,'2013-05-24 13:42:15','2013-05-24 13:42:15',1),(201,'Segment 201',NULL,NULL,NULL,NULL,'---\n- 150\n- 160\n- 170\n- 180\n- 140\n- 120\n','---\n- 5\n- 6\n- 7\n- 8\n- 7\n- 6\n',NULL,'2013-05-24 13:42:15','2013-05-24 13:42:15',1),(202,'Segment 202',NULL,NULL,NULL,NULL,'---\n- 150\n- 160\n- 170\n- 180\n- 140\n- 120\n','---\n- 5\n- 6\n- 7\n- 8\n- 7\n- 6\n',NULL,'2013-05-24 13:42:15','2013-05-24 13:42:15',1),(203,'Segment 203',NULL,NULL,NULL,NULL,'---\n- 150\n- 160\n- 170\n- 180\n- 140\n- 120\n','---\n- 5\n- 6\n- 7\n- 8\n- 7\n- 6\n',NULL,'2013-05-24 13:42:15','2013-05-24 13:42:15',1),(204,'Segment 204',NULL,NULL,NULL,NULL,'---\n- 150\n- 160\n- 170\n- 180\n- 140\n- 120\n','---\n- 5\n- 6\n- 7\n- 8\n- 7\n- 6\n',NULL,'2013-05-24 13:42:15','2013-05-24 13:42:15',1),(205,'Segment 205',NULL,NULL,NULL,NULL,'---\n- 150\n- 160\n- 170\n- 180\n- 140\n- 120\n','---\n- 5\n- 6\n- 7\n- 8\n- 7\n- 6\n',NULL,'2013-05-24 13:42:16','2013-05-24 13:42:16',1),(206,'Segment 206',NULL,NULL,NULL,NULL,'---\n- 150\n- 160\n- 170\n- 180\n- 140\n- 120\n','---\n- 5\n- 6\n- 7\n- 8\n- 7\n- 6\n',NULL,'2013-05-24 13:42:16','2013-05-24 13:42:16',1),(207,'Segment 207',NULL,NULL,NULL,NULL,'---\n- 150\n- 160\n- 170\n- 180\n- 140\n- 120\n','---\n- 5\n- 6\n- 7\n- 8\n- 7\n- 6\n',NULL,'2013-05-24 13:42:16','2013-05-24 13:42:16',1),(208,'Segment 208',NULL,NULL,NULL,NULL,'---\n- 150\n- 160\n- 170\n- 180\n- 140\n- 120\n','---\n- 5\n- 6\n- 7\n- 8\n- 7\n- 6\n',NULL,'2013-05-24 13:42:17','2013-05-24 13:42:17',1),(209,'Segment 209',NULL,NULL,NULL,NULL,'---\n- 150\n- 160\n- 170\n- 180\n- 140\n- 120\n','---\n- 5\n- 6\n- 7\n- 8\n- 7\n- 6\n',NULL,'2013-05-24 13:42:17','2013-05-24 13:42:17',1),(210,'Segment 210',NULL,NULL,NULL,NULL,'---\n- 150\n- 160\n- 170\n- 180\n- 140\n- 120\n','---\n- 5\n- 6\n- 7\n- 8\n- 7\n- 6\n',NULL,'2013-05-24 13:42:17','2013-05-24 13:42:17',1),(211,'Segment 211',NULL,NULL,NULL,NULL,'---\n- 150\n- 160\n- 170\n- 180\n- 140\n- 120\n','---\n- 5\n- 6\n- 7\n- 8\n- 7\n- 6\n',NULL,'2013-05-24 13:42:17','2013-05-24 13:42:17',1),(212,'Segment 212',NULL,NULL,NULL,NULL,'---\n- 150\n- 160\n- 170\n- 180\n- 140\n- 120\n','---\n- 5\n- 6\n- 7\n- 8\n- 7\n- 6\n',NULL,'2013-05-24 13:42:18','2013-05-24 13:42:18',1),(213,'Segment 213',NULL,NULL,NULL,NULL,'---\n- 150\n- 160\n- 170\n- 180\n- 140\n- 120\n','---\n- 5\n- 6\n- 7\n- 8\n- 7\n- 6\n',NULL,'2013-05-24 13:42:18','2013-05-24 13:42:18',1),(214,'Segment 214',NULL,NULL,NULL,NULL,'---\n- 150\n- 160\n- 170\n- 180\n- 140\n- 120\n','---\n- 5\n- 6\n- 7\n- 8\n- 7\n- 6\n',NULL,'2013-05-24 13:42:18','2013-05-24 13:42:18',1),(215,'Segment 215',NULL,NULL,NULL,NULL,'---\n- 150\n- 160\n- 170\n- 180\n- 140\n- 120\n','---\n- 5\n- 6\n- 7\n- 8\n- 7\n- 6\n',NULL,'2013-05-24 13:42:18','2013-05-24 13:42:18',1),(216,'Segment 216',NULL,NULL,NULL,NULL,'---\n- 150\n- 160\n- 170\n- 180\n- 140\n- 120\n','---\n- 5\n- 6\n- 7\n- 8\n- 7\n- 6\n',NULL,'2013-05-24 13:42:18','2013-05-24 13:42:18',1);
/*!40000 ALTER TABLE `segments` ENABLE KEYS */;
UNLOCK TABLES;

--
-- Table structure for table `site_comments`
--

DROP TABLE IF EXISTS `site_comments`;
/*!40101 SET @saved_cs_client     = @@character_set_client */;
/*!40101 SET character_set_client = utf8 */;
CREATE TABLE `site_comments` (
  `id` int(11) NOT NULL AUTO_INCREMENT,
  `name` varchar(255) DEFAULT NULL,
  `body` text,
  `created_at` datetime DEFAULT NULL,
  `updated_at` datetime DEFAULT NULL,
  PRIMARY KEY (`id`)
) ENGINE=InnoDB DEFAULT CHARSET=latin1;
/*!40101 SET character_set_client = @saved_cs_client */;

--
-- Dumping data for table `site_comments`
--

LOCK TABLES `site_comments` WRITE;
/*!40000 ALTER TABLE `site_comments` DISABLE KEYS */;
/*!40000 ALTER TABLE `site_comments` ENABLE KEYS */;
UNLOCK TABLES;

--
-- Table structure for table `stage_segments`
--

DROP TABLE IF EXISTS `stage_segments`;
/*!40101 SET @saved_cs_client     = @@character_set_client */;
/*!40101 SET character_set_client = utf8 */;
CREATE TABLE `stage_segments` (
  `id` int(11) NOT NULL AUTO_INCREMENT,
  `stage_id` int(11) DEFAULT NULL,
  `segment_id` int(11) DEFAULT NULL,
  `order` int(11) DEFAULT NULL,
  `created_at` datetime NOT NULL,
  `updated_at` datetime NOT NULL,
  PRIMARY KEY (`id`),
  KEY `fk_stage_segments_segments` (`segment_id`),
  KEY `fk_stage_segments_stages` (`stage_id`),
  CONSTRAINT `fk_stage_segments_segments` FOREIGN KEY (`segment_id`) REFERENCES `segments` (`id`),
  CONSTRAINT `fk_stage_segments_stages` FOREIGN KEY (`stage_id`) REFERENCES `stages` (`id`)
) ENGINE=InnoDB AUTO_INCREMENT=217 DEFAULT CHARSET=latin1;
/*!40101 SET character_set_client = @saved_cs_client */;

--
-- Dumping data for table `stage_segments`
--

LOCK TABLES `stage_segments` WRITE;
/*!40000 ALTER TABLE `stage_segments` DISABLE KEYS */;
INSERT INTO `stage_segments` VALUES (1,1,1,1,'2013-05-24 13:41:34','2013-05-24 13:41:34'),(2,1,2,2,'2013-05-24 13:41:34','2013-05-24 13:41:34'),(3,1,3,3,'2013-05-24 13:41:34','2013-05-24 13:41:34'),(4,1,4,4,'2013-05-24 13:41:34','2013-05-24 13:41:34'),(5,1,5,5,'2013-05-24 13:41:34','2013-05-24 13:41:34'),(6,1,6,6,'2013-05-24 13:41:34','2013-05-24 13:41:34'),(7,2,7,7,'2013-05-24 13:41:35','2013-05-24 13:41:35'),(8,2,8,8,'2013-05-24 13:41:35','2013-05-24 13:41:35'),(9,2,9,9,'2013-05-24 13:41:35','2013-05-24 13:41:35'),(10,2,10,10,'2013-05-24 13:41:35','2013-05-24 13:41:35'),(11,2,11,11,'2013-05-24 13:41:35','2013-05-24 13:41:35'),(12,2,12,12,'2013-05-24 13:41:35','2013-05-24 13:41:35'),(13,3,13,13,'2013-05-24 13:41:36','2013-05-24 13:41:36'),(14,3,14,14,'2013-05-24 13:41:36','2013-05-24 13:41:36'),(15,3,15,15,'2013-05-24 13:41:36','2013-05-24 13:41:36'),(16,3,16,16,'2013-05-24 13:41:36','2013-05-24 13:41:36'),(17,3,17,17,'2013-05-24 13:41:36','2013-05-24 13:41:36'),(18,3,18,18,'2013-05-24 13:41:36','2013-05-24 13:41:36'),(19,4,19,19,'2013-05-24 13:41:37','2013-05-24 13:41:37'),(20,4,20,20,'2013-05-24 13:41:37','2013-05-24 13:41:37'),(21,4,21,21,'2013-05-24 13:41:37','2013-05-24 13:41:37'),(22,4,22,22,'2013-05-24 13:41:37','2013-05-24 13:41:37'),(23,4,23,23,'2013-05-24 13:41:37','2013-05-24 13:41:37'),(24,4,24,24,'2013-05-24 13:41:37','2013-05-24 13:41:37'),(25,5,25,25,'2013-05-24 13:41:38','2013-05-24 13:41:38'),(26,5,26,26,'2013-05-24 13:41:38','2013-05-24 13:41:38'),(27,5,27,27,'2013-05-24 13:41:38','2013-05-24 13:41:38'),(28,5,28,28,'2013-05-24 13:41:38','2013-05-24 13:41:38'),(29,5,29,29,'2013-05-24 13:41:38','2013-05-24 13:41:38'),(30,5,30,30,'2013-05-24 13:41:38','2013-05-24 13:41:38'),(31,6,31,31,'2013-05-24 13:41:40','2013-05-24 13:41:40'),(32,6,32,32,'2013-05-24 13:41:40','2013-05-24 13:41:40'),(33,6,33,33,'2013-05-24 13:41:40','2013-05-24 13:41:40'),(34,6,34,34,'2013-05-24 13:41:40','2013-05-24 13:41:40'),(35,6,35,35,'2013-05-24 13:41:40','2013-05-24 13:41:40'),(36,6,36,36,'2013-05-24 13:41:40','2013-05-24 13:41:40'),(37,7,37,37,'2013-05-24 13:41:41','2013-05-24 13:41:41'),(38,7,38,38,'2013-05-24 13:41:41','2013-05-24 13:41:41'),(39,7,39,39,'2013-05-24 13:41:41','2013-05-24 13:41:41'),(40,7,40,40,'2013-05-24 13:41:41','2013-05-24 13:41:41'),(41,7,41,41,'2013-05-24 13:41:41','2013-05-24 13:41:41'),(42,7,42,42,'2013-05-24 13:41:41','2013-05-24 13:41:41'),(43,8,43,43,'2013-05-24 13:41:42','2013-05-24 13:41:42'),(44,8,44,44,'2013-05-24 13:41:42','2013-05-24 13:41:42'),(45,8,45,45,'2013-05-24 13:41:42','2013-05-24 13:41:42'),(46,8,46,46,'2013-05-24 13:41:42','2013-05-24 13:41:42'),(47,8,47,47,'2013-05-24 13:41:42','2013-05-24 13:41:42'),(48,8,48,48,'2013-05-24 13:41:42','2013-05-24 13:41:42'),(49,9,49,49,'2013-05-24 13:41:43','2013-05-24 13:41:43'),(50,9,50,50,'2013-05-24 13:41:43','2013-05-24 13:41:43'),(51,9,51,51,'2013-05-24 13:41:43','2013-05-24 13:41:43'),(52,9,52,52,'2013-05-24 13:41:43','2013-05-24 13:41:43'),(53,9,53,53,'2013-05-24 13:41:43','2013-05-24 13:41:43'),(54,9,54,54,'2013-05-24 13:41:43','2013-05-24 13:41:43'),(55,10,55,55,'2013-05-24 13:41:44','2013-05-24 13:41:44'),(56,10,56,56,'2013-05-24 13:41:44','2013-05-24 13:41:44'),(57,10,57,57,'2013-05-24 13:41:44','2013-05-24 13:41:44'),(58,10,58,58,'2013-05-24 13:41:44','2013-05-24 13:41:44'),(59,10,59,59,'2013-05-24 13:41:44','2013-05-24 13:41:44'),(60,10,60,60,'2013-05-24 13:41:44','2013-05-24 13:41:44'),(61,11,61,61,'2013-05-24 13:41:45','2013-05-24 13:41:45'),(62,11,62,62,'2013-05-24 13:41:45','2013-05-24 13:41:45'),(63,11,63,63,'2013-05-24 13:41:45','2013-05-24 13:41:45'),(64,11,64,64,'2013-05-24 13:41:45','2013-05-24 13:41:45'),(65,11,65,65,'2013-05-24 13:41:45','2013-05-24 13:41:45'),(66,11,66,66,'2013-05-24 13:41:45','2013-05-24 13:41:45'),(67,12,67,67,'2013-05-24 13:41:45','2013-05-24 13:41:46'),(68,12,68,68,'2013-05-24 13:41:46','2013-05-24 13:41:46'),(69,12,69,69,'2013-05-24 13:41:46','2013-05-24 13:41:46'),(70,12,70,70,'2013-05-24 13:41:46','2013-05-24 13:41:46'),(71,12,71,71,'2013-05-24 13:41:46','2013-05-24 13:41:46'),(72,12,72,72,'2013-05-24 13:41:46','2013-05-24 13:41:46'),(73,13,73,73,'2013-05-24 13:41:46','2013-05-24 13:41:46'),(74,13,74,74,'2013-05-24 13:41:46','2013-05-24 13:41:46'),(75,13,75,75,'2013-05-24 13:41:46','2013-05-24 13:41:46'),(76,13,76,76,'2013-05-24 13:41:46','2013-05-24 13:41:46'),(77,13,77,77,'2013-05-24 13:41:46','2013-05-24 13:41:46'),(78,13,78,78,'2013-05-24 13:41:46','2013-05-24 13:41:46'),(79,14,79,79,'2013-05-24 13:41:47','2013-05-24 13:41:47'),(80,14,80,80,'2013-05-24 13:41:47','2013-05-24 13:41:47'),(81,14,81,81,'2013-05-24 13:41:47','2013-05-24 13:41:47'),(82,14,82,82,'2013-05-24 13:41:47','2013-05-24 13:41:47'),(83,14,83,83,'2013-05-24 13:41:47','2013-05-24 13:41:47'),(84,14,84,84,'2013-05-24 13:41:47','2013-05-24 13:41:47'),(85,15,85,85,'2013-05-24 13:41:48','2013-05-24 13:41:48'),(86,15,86,86,'2013-05-24 13:41:48','2013-05-24 13:41:48'),(87,15,87,87,'2013-05-24 13:41:48','2013-05-24 13:41:49'),(88,15,88,88,'2013-05-24 13:41:49','2013-05-24 13:41:49'),(89,15,89,89,'2013-05-24 13:41:49','2013-05-24 13:41:49'),(90,15,90,90,'2013-05-24 13:41:49','2013-05-24 13:41:49'),(91,16,91,91,'2013-05-24 13:41:50','2013-05-24 13:41:50'),(92,16,92,92,'2013-05-24 13:41:50','2013-05-24 13:41:50'),(93,16,93,93,'2013-05-24 13:41:50','2013-05-24 13:41:50'),(94,16,94,94,'2013-05-24 13:41:50','2013-05-24 13:41:50'),(95,16,95,95,'2013-05-24 13:41:50','2013-05-24 13:41:50'),(96,16,96,96,'2013-05-24 13:41:50','2013-05-24 13:41:50'),(97,17,97,97,'2013-05-24 13:41:51','2013-05-24 13:41:51'),(98,17,98,98,'2013-05-24 13:41:51','2013-05-24 13:41:51'),(99,17,99,99,'2013-05-24 13:41:51','2013-05-24 13:41:51'),(100,17,100,100,'2013-05-24 13:41:51','2013-05-24 13:41:51'),(101,17,101,101,'2013-05-24 13:41:51','2013-05-24 13:41:52'),(102,17,102,102,'2013-05-24 13:41:52','2013-05-24 13:41:52'),(103,18,103,103,'2013-05-24 13:41:53','2013-05-24 13:41:53'),(104,18,104,104,'2013-05-24 13:41:53','2013-05-24 13:41:53'),(105,18,105,105,'2013-05-24 13:41:53','2013-05-24 13:41:53'),(106,18,106,106,'2013-05-24 13:41:53','2013-05-24 13:41:53'),(107,18,107,107,'2013-05-24 13:41:53','2013-05-24 13:41:53'),(108,18,108,108,'2013-05-24 13:41:53','2013-05-24 13:41:53'),(109,19,109,109,'2013-05-24 13:41:55','2013-05-24 13:41:55'),(110,19,110,110,'2013-05-24 13:41:55','2013-05-24 13:41:55'),(111,19,111,111,'2013-05-24 13:41:55','2013-05-24 13:41:55'),(112,19,112,112,'2013-05-24 13:41:55','2013-05-24 13:41:55'),(113,19,113,113,'2013-05-24 13:41:55','2013-05-24 13:41:55'),(114,19,114,114,'2013-05-24 13:41:55','2013-05-24 13:41:55'),(115,20,115,115,'2013-05-24 13:41:56','2013-05-24 13:41:56'),(116,20,116,116,'2013-05-24 13:41:56','2013-05-24 13:41:56'),(117,20,117,117,'2013-05-24 13:41:56','2013-05-24 13:41:56'),(118,20,118,118,'2013-05-24 13:41:56','2013-05-24 13:41:56'),(119,20,119,119,'2013-05-24 13:41:56','2013-05-24 13:41:56'),(120,20,120,120,'2013-05-24 13:41:56','2013-05-24 13:41:56'),(121,21,121,121,'2013-05-24 13:41:57','2013-05-24 13:41:57'),(122,21,122,122,'2013-05-24 13:41:57','2013-05-24 13:41:57'),(123,21,123,123,'2013-05-24 13:41:57','2013-05-24 13:41:57'),(124,21,124,124,'2013-05-24 13:41:57','2013-05-24 13:41:57'),(125,21,125,125,'2013-05-24 13:41:57','2013-05-24 13:41:57'),(126,21,126,126,'2013-05-24 13:41:57','2013-05-24 13:41:57'),(127,22,127,127,'2013-05-24 13:41:58','2013-05-24 13:41:58'),(128,22,128,128,'2013-05-24 13:41:58','2013-05-24 13:41:58'),(129,22,129,129,'2013-05-24 13:41:58','2013-05-24 13:41:58'),(130,22,130,130,'2013-05-24 13:41:58','2013-05-24 13:41:58'),(131,22,131,131,'2013-05-24 13:41:58','2013-05-24 13:41:58'),(132,22,132,132,'2013-05-24 13:41:59','2013-05-24 13:41:59'),(133,23,133,133,'2013-05-24 13:42:00','2013-05-24 13:42:00'),(134,23,134,134,'2013-05-24 13:42:00','2013-05-24 13:42:00'),(135,23,135,135,'2013-05-24 13:42:00','2013-05-24 13:42:00'),(136,23,136,136,'2013-05-24 13:42:00','2013-05-24 13:42:00'),(137,23,137,137,'2013-05-24 13:42:00','2013-05-24 13:42:00'),(138,23,138,138,'2013-05-24 13:42:01','2013-05-24 13:42:01'),(139,24,139,139,'2013-05-24 13:42:04','2013-05-24 13:42:04'),(140,24,140,140,'2013-05-24 13:42:04','2013-05-24 13:42:04'),(141,24,141,141,'2013-05-24 13:42:04','2013-05-24 13:42:04'),(142,24,142,142,'2013-05-24 13:42:04','2013-05-24 13:42:04'),(143,24,143,143,'2013-05-24 13:42:04','2013-05-24 13:42:04'),(144,24,144,144,'2013-05-24 13:42:04','2013-05-24 13:42:04'),(145,25,145,145,'2013-05-24 13:42:05','2013-05-24 13:42:05'),(146,25,146,146,'2013-05-24 13:42:05','2013-05-24 13:42:05'),(147,25,147,147,'2013-05-24 13:42:06','2013-05-24 13:42:06'),(148,25,148,148,'2013-05-24 13:42:06','2013-05-24 13:42:06'),(149,25,149,149,'2013-05-24 13:42:06','2013-05-24 13:42:06'),(150,25,150,150,'2013-05-24 13:42:06','2013-05-24 13:42:06'),(151,26,151,151,'2013-05-24 13:42:07','2013-05-24 13:42:07'),(152,26,152,152,'2013-05-24 13:42:07','2013-05-24 13:42:07'),(153,26,153,153,'2013-05-24 13:42:07','2013-05-24 13:42:07'),(154,26,154,154,'2013-05-24 13:42:07','2013-05-24 13:42:07'),(155,26,155,155,'2013-05-24 13:42:07','2013-05-24 13:42:07'),(156,26,156,156,'2013-05-24 13:42:07','2013-05-24 13:42:07'),(157,27,157,157,'2013-05-24 13:42:08','2013-05-24 13:42:08'),(158,27,158,158,'2013-05-24 13:42:08','2013-05-24 13:42:08'),(159,27,159,159,'2013-05-24 13:42:09','2013-05-24 13:42:09'),(160,27,160,160,'2013-05-24 13:42:09','2013-05-24 13:42:09'),(161,27,161,161,'2013-05-24 13:42:09','2013-05-24 13:42:09'),(162,27,162,162,'2013-05-24 13:42:09','2013-05-24 13:42:09'),(163,28,163,163,'2013-05-24 13:42:10','2013-05-24 13:42:10'),(164,28,164,164,'2013-05-24 13:42:10','2013-05-24 13:42:10'),(165,28,165,165,'2013-05-24 13:42:10','2013-05-24 13:42:10'),(166,28,166,166,'2013-05-24 13:42:10','2013-05-24 13:42:10'),(167,28,167,167,'2013-05-24 13:42:10','2013-05-24 13:42:10'),(168,28,168,168,'2013-05-24 13:42:10','2013-05-24 13:42:10'),(169,29,169,169,'2013-05-24 13:42:11','2013-05-24 13:42:11'),(170,29,170,170,'2013-05-24 13:42:11','2013-05-24 13:42:11'),(171,29,171,171,'2013-05-24 13:42:11','2013-05-24 13:42:11'),(172,29,172,172,'2013-05-24 13:42:11','2013-05-24 13:42:11'),(173,29,173,173,'2013-05-24 13:42:11','2013-05-24 13:42:11'),(174,29,174,174,'2013-05-24 13:42:11','2013-05-24 13:42:11'),(175,30,175,175,'2013-05-24 13:42:11','2013-05-24 13:42:11'),(176,30,176,176,'2013-05-24 13:42:11','2013-05-24 13:42:11'),(177,30,177,177,'2013-05-24 13:42:11','2013-05-24 13:42:11'),(178,30,178,178,'2013-05-24 13:42:11','2013-05-24 13:42:11'),(179,30,179,179,'2013-05-24 13:42:11','2013-05-24 13:42:11'),(180,30,180,180,'2013-05-24 13:42:11','2013-05-24 13:42:11'),(181,31,181,181,'2013-05-24 13:42:12','2013-05-24 13:42:12'),(182,31,182,182,'2013-05-24 13:42:12','2013-05-24 13:42:12'),(183,31,183,183,'2013-05-24 13:42:12','2013-05-24 13:42:12'),(184,31,184,184,'2013-05-24 13:42:12','2013-05-24 13:42:12'),(185,31,185,185,'2013-05-24 13:42:12','2013-05-24 13:42:12'),(186,31,186,186,'2013-05-24 13:42:12','2013-05-24 13:42:12'),(187,32,187,187,'2013-05-24 13:42:13','2013-05-24 13:42:13'),(188,32,188,188,'2013-05-24 13:42:14','2013-05-24 13:42:14'),(189,32,189,189,'2013-05-24 13:42:14','2013-05-24 13:42:14'),(190,32,190,190,'2013-05-24 13:42:14','2013-05-24 13:42:14'),(191,32,191,191,'2013-05-24 13:42:14','2013-05-24 13:42:14'),(192,32,192,192,'2013-05-24 13:42:14','2013-05-24 13:42:14'),(193,33,193,193,'2013-05-24 13:42:14','2013-05-24 13:42:14'),(194,33,194,194,'2013-05-24 13:42:14','2013-05-24 13:42:14'),(195,33,195,195,'2013-05-24 13:42:14','2013-05-24 13:42:14'),(196,33,196,196,'2013-05-24 13:42:14','2013-05-24 13:42:14'),(197,33,197,197,'2013-05-24 13:42:14','2013-05-24 13:42:14'),(198,33,198,198,'2013-05-24 13:42:14','2013-05-24 13:42:14'),(199,34,199,199,'2013-05-24 13:42:16','2013-05-24 13:42:16'),(200,34,200,200,'2013-05-24 13:42:16','2013-05-24 13:42:16'),(201,34,201,201,'2013-05-24 13:42:16','2013-05-24 13:42:16'),(202,34,202,202,'2013-05-24 13:42:16','2013-05-24 13:42:16'),(203,34,203,203,'2013-05-24 13:42:16','2013-05-24 13:42:16'),(204,34,204,204,'2013-05-24 13:42:16','2013-05-24 13:42:16'),(205,35,205,205,'2013-05-24 13:42:17','2013-05-24 13:42:17'),(206,35,206,206,'2013-05-24 13:42:17','2013-05-24 13:42:17'),(207,35,207,207,'2013-05-24 13:42:17','2013-05-24 13:42:17'),(208,35,208,208,'2013-05-24 13:42:17','2013-05-24 13:42:17'),(209,35,209,209,'2013-05-24 13:42:17','2013-05-24 13:42:17'),(210,35,210,210,'2013-05-24 13:42:17','2013-05-24 13:42:17'),(211,36,211,211,'2013-05-24 13:42:18','2013-05-24 13:42:18'),(212,36,212,212,'2013-05-24 13:42:18','2013-05-24 13:42:18'),(213,36,213,213,'2013-05-24 13:42:18','2013-05-24 13:42:18'),(214,36,214,214,'2013-05-24 13:42:18','2013-05-24 13:42:18'),(215,36,215,215,'2013-05-24 13:42:18','2013-05-24 13:42:18'),(216,36,216,216,'2013-05-24 13:42:18','2013-05-24 13:42:18');
/*!40000 ALTER TABLE `stage_segments` ENABLE KEYS */;
UNLOCK TABLES;

--
-- Table structure for table `stages`
--

DROP TABLE IF EXISTS `stages`;
/*!40101 SET @saved_cs_client     = @@character_set_client */;
/*!40101 SET character_set_client = utf8 */;
CREATE TABLE `stages` (
  `id` int(11) NOT NULL AUTO_INCREMENT,
  `title` varchar(255) DEFAULT NULL,
  `description` varchar(255) DEFAULT NULL,
  `image_link` varchar(255) DEFAULT NULL,
  `youtube_id` varchar(255) DEFAULT NULL,
  `duration_sec` int(11) DEFAULT NULL,
  `created_at` datetime NOT NULL,
  `updated_at` datetime NOT NULL,
  `user_id` int(11) DEFAULT NULL,
  PRIMARY KEY (`id`),
  KEY `index_stages_on_user_id` (`user_id`),
  KEY `index_youtube_id_on_stages` (`youtube_id`)
) ENGINE=InnoDB AUTO_INCREMENT=230 DEFAULT CHARSET=latin1;
/*!40101 SET character_set_client = @saved_cs_client */;

--
-- Dumping data for table `stages`
--

LOCK TABLES `stages` WRITE;
/*!40000 ALTER TABLE `stages` DISABLE KEYS */;
INSERT INTO `stages` VALUES (1,'Stage 1','ipsem lorem dolsem, robetussin, parthenon, excaliber, mortician, Edward de Bono','http://img.youtube.com/vi/GU7s351-Dfs/2.jpg','GU7s351-Dfs',45,'2013-05-24 13:41:33','2013-05-24 13:41:33',1),(2,'Stage 2','ipsem lorem dolsem, robetussin, parthenon, excaliber, mortician, Edward de Bono','http://img.youtube.com/vi/GU7s351-Dfs/2.jpg','GU7s351-Dfs',45,'2013-05-24 13:41:34','2013-05-24 13:41:34',1),(3,'Stage 3','ipsem lorem dolsem, robetussin, parthenon, excaliber, mortician, Edward de Bono','http://img.youtube.com/vi/Xc-IpsWlS5M/2.jpg','Xc-IpsWlS5M',45,'2013-05-24 13:41:35','2013-05-24 13:41:35',1),(4,'Stage 4','ipsem lorem dolsem, robetussin, parthenon, excaliber, mortician, Edward de Bono','http://img.youtube.com/vi/Xc-IpsWlS5M/2.jpg','Xc-IpsWlS5M',45,'2013-05-24 13:41:36','2013-05-24 13:41:36',1),(5,'Stage 5','','http://img.youtube.com/vi/nF_owBP6MtA/2.jpg','nF_owBP6MtA',45,'2013-05-24 13:41:37','2013-05-24 13:41:37',1),(6,'Stage 6','','http://img.youtube.com/vi/Xr5FGOKY3RM/2.jpg','Xr5FGOKY3RM',45,'2013-05-24 13:41:39','2013-05-24 13:41:39',1),(7,'Stage 7','ipsem lorem dolsem, robetussin, parthenon, excaliber, mortician, Edward de Bono','http://img.youtube.com/vi/Xr5FGOKY3RM/2.jpg','Xr5FGOKY3RM',45,'2013-05-24 13:41:40','2013-05-24 13:41:40',1),(8,'Stage 8','ipsem lorem dolsem, robetussin, parthenon, excaliber, mortician, Edward de Bono','http://img.youtube.com/vi/GU7s351-Dfs/2.jpg','GU7s351-Dfs',45,'2013-05-24 13:41:41','2013-05-24 13:41:41',1),(9,'Stage 9','','http://img.youtube.com/vi/GU7s351-Dfs/2.jpg','GU7s351-Dfs',45,'2013-05-24 13:41:42','2013-05-24 13:41:42',1),(10,'Stage 10','ipsem lorem dolsem, robetussin, parthenon, excaliber, mortician, Edward de Bono','http://img.youtube.com/vi/GU7s351-Dfs/2.jpg','GU7s351-Dfs',45,'2013-05-24 13:41:43','2013-05-24 13:41:43',1),(11,'Stage 11','','http://img.youtube.com/vi/GU7s351-Dfs/2.jpg','GU7s351-Dfs',45,'2013-05-24 13:41:44','2013-05-24 13:41:44',1),(12,'Stage 12','ipsem lorem dolsem, robetussin, parthenon, excaliber, mortician, Edward de Bono','http://img.youtube.com/vi/nF_owBP6MtA/2.jpg','nF_owBP6MtA',45,'2013-05-24 13:41:45','2013-05-24 13:41:45',1),(13,'Stage 13','','http://img.youtube.com/vi/nF_owBP6MtA/2.jpg','nF_owBP6MtA',45,'2013-05-24 13:41:46','2013-05-24 13:41:46',1),(14,'Stage 14','','http://img.youtube.com/vi/Xc-IpsWlS5M/2.jpg','Xc-IpsWlS5M',45,'2013-05-24 13:41:46','2013-05-24 13:41:46',1),(15,'Stage 15','','http://img.youtube.com/vi/Xc-IpsWlS5M/2.jpg','Xc-IpsWlS5M',45,'2013-05-24 13:41:47','2013-05-24 13:41:47',1),(16,'Stage 16','ipsem lorem dolsem, robetussin, parthenon, excaliber, mortician, Edward de Bono','http://img.youtube.com/vi/nF_owBP6MtA/2.jpg','nF_owBP6MtA',45,'2013-05-24 13:41:49','2013-05-24 13:41:49',1),(17,'Stage 17','','http://img.youtube.com/vi/Xc-IpsWlS5M/2.jpg','Xc-IpsWlS5M',45,'2013-05-24 13:41:50','2013-05-24 13:41:50',1),(18,'Stage 18','','http://img.youtube.com/vi/mC7BRhUjIvc/2.jpg','mC7BRhUjIvc',45,'2013-05-24 13:41:52','2013-05-24 13:41:52',1),(19,'Stage 19','','http://img.youtube.com/vi/GU7s351-Dfs/2.jpg','GU7s351-Dfs',45,'2013-05-24 13:41:53','2013-05-24 13:41:53',1),(20,'Stage 20','','http://img.youtube.com/vi/GU7s351-Dfs/2.jpg','GU7s351-Dfs',45,'2013-05-24 13:41:55','2013-05-24 13:41:55',1),(21,'Stage 21','ipsem lorem dolsem, robetussin, parthenon, excaliber, mortician, Edward de Bono','http://img.youtube.com/vi/mC7BRhUjIvc/2.jpg','mC7BRhUjIvc',45,'2013-05-24 13:41:56','2013-05-24 13:41:56',1),(22,'Stage 22','','http://img.youtube.com/vi/GU7s351-Dfs/2.jpg','GU7s351-Dfs',45,'2013-05-24 13:41:57','2013-05-24 13:41:57',1),(23,'Stage 23','ipsem lorem dolsem, robetussin, parthenon, excaliber, mortician, Edward de Bono','http://img.youtube.com/vi/GU7s351-Dfs/2.jpg','GU7s351-Dfs',45,'2013-05-24 13:41:59','2013-05-24 13:41:59',1),(24,'Stage 24','','http://img.youtube.com/vi/GU7s351-Dfs/2.jpg','GU7s351-Dfs',45,'2013-05-24 13:42:02','2013-05-24 13:42:02',1),(25,'Stage 25','','http://img.youtube.com/vi/Xc-IpsWlS5M/2.jpg','Xc-IpsWlS5M',45,'2013-05-24 13:42:05','2013-05-24 13:42:05',1),(26,'Stage 26','','http://img.youtube.com/vi/Xc-IpsWlS5M/2.jpg','Xc-IpsWlS5M',45,'2013-05-24 13:42:06','2013-05-24 13:42:06',1),(27,'Stage 27','','http://img.youtube.com/vi/Xr5FGOKY3RM/2.jpg','Xr5FGOKY3RM',45,'2013-05-24 13:42:07','2013-05-24 13:42:07',1),(28,'Stage 28','ipsem lorem dolsem, robetussin, parthenon, excaliber, mortician, Edward de Bono','http://img.youtube.com/vi/nF_owBP6MtA/2.jpg','nF_owBP6MtA',45,'2013-05-24 13:42:09','2013-05-24 13:42:09',1),(29,'Stage 29','','http://img.youtube.com/vi/nF_owBP6MtA/2.jpg','nF_owBP6MtA',45,'2013-05-24 13:42:10','2013-05-24 13:42:10',1),(30,'Stage 30','ipsem lorem dolsem, robetussin, parthenon, excaliber, mortician, Edward de Bono','http://img.youtube.com/vi/mC7BRhUjIvc/2.jpg','mC7BRhUjIvc',45,'2013-05-24 13:42:11','2013-05-24 13:42:11',1),(31,'Stage 31','','http://img.youtube.com/vi/Xc-IpsWlS5M/2.jpg','Xc-IpsWlS5M',45,'2013-05-24 13:42:11','2013-05-24 13:42:11',1),(32,'Stage 32','ipsem lorem dolsem, robetussin, parthenon, excaliber, mortician, Edward de Bono','http://img.youtube.com/vi/Xr5FGOKY3RM/2.jpg','Xr5FGOKY3RM',45,'2013-05-24 13:42:12','2013-05-24 13:42:12',1),(33,'Stage 33','ipsem lorem dolsem, robetussin, parthenon, excaliber, mortician, Edward de Bono','http://img.youtube.com/vi/Xr5FGOKY3RM/2.jpg','Xr5FGOKY3RM',45,'2013-05-24 13:42:14','2013-05-24 13:42:14',1),(34,'Stage 34','ipsem lorem dolsem, robetussin, parthenon, excaliber, mortician, Edward de Bono','http://img.youtube.com/vi/Xc-IpsWlS5M/2.jpg','Xc-IpsWlS5M',45,'2013-05-24 13:42:14','2013-05-24 13:42:14',1),(35,'Stage 35','','http://img.youtube.com/vi/mC7BRhUjIvc/2.jpg','mC7BRhUjIvc',45,'2013-05-24 13:42:16','2013-05-24 13:42:16',1),(36,'Stage 36','','http://img.youtube.com/vi/Xr5FGOKY3RM/2.jpg','Xr5FGOKY3RM',45,'2013-05-24 13:42:17','2013-05-24 13:42:17',1),(37,'Stayin\' Fit: Spin Class (with Briant Mitchell)','Sorry for the long pre-roll, to view a trimmed version of this video see http://youtu.be/KLlWYscNJi0 Otherwise, you can skip forward to 0:20.',NULL,NULL,NULL,'2013-05-27 22:20:45','2013-05-27 22:20:45',2),(38,'SPINNING CLASES ESPAÑOL - CLASE COMPLETA Telf: 96 147 26 57','SPINNING CLASES ESPAÑOL - CLASE COMPLETA DE SPINNING EN ESPAÑOL CORTESÍA DE GRUPOCONTACT. http://www.grupocontact.es Telf: 96 147 ...',NULL,NULL,NULL,'2013-05-27 22:27:37','2013-05-27 22:27:37',2),(39,'Stayin\' Fit: Spin Class (with Briant Mitchell)','Sorry for the long pre-roll, to view a trimmed version of this video see http://youtu.be/KLlWYscNJi0 Otherwise, you can skip forward to 0:20.','https://i.ytimg.com/vi/dkr7uK12UoA/default.jpg','dkr7uK12UoA',NULL,'2013-05-27 22:29:33','2013-05-27 22:29:33',2),(40,'Ann\'s Total Fitness Spinning','Spinning Class.','https://i.ytimg.com/vi/9w_t2Z0CRag/default.jpg','9w_t2Z0CRag',NULL,'2013-05-27 22:32:29','2013-05-27 22:32:29',2),(41,'How to Spin Roving into Yarn','A simple tutorial showing how you can spin wool roving or wool top into a single ply yarn. Check out the other yarn spinning and fiber arts tutorials on my c...','https://i.ytimg.com/vi/F40VJEqOn5o/default.jpg','F40VJEqOn5o',NULL,'2013-05-27 22:33:13','2013-05-27 22:33:13',2),(42,'Bye & Rønning - Spinning (musikkvideo) - Admiral P parodi','Anders Bye og Jon Niklas Rønning gir oss en parodi på Spinnvill - Admiral P sin store hit. Bye & Rønning forteller historien om den overvektige mannen som må.','https://i.ytimg.com/vi/WI4tarGJR24/default.jpg','WI4tarGJR24',NULL,'2013-05-27 22:34:35','2013-05-27 22:34:35',2),(43,'SPINNING CLASES ESPAÑOL - CLASE COMPLETA Telf: 96 147 26 57','SPINNING CLASES ESPAÑOL - CLASE COMPLETA DE SPINNING EN ESPAÑOL CORTESÍA DE GRUPOCONTACT. http://www.grupocontact.es Telf: 96 147 ...','https://i.ytimg.com/vi/FQywN1x0VXs/default.jpg','FQywN1x0VXs',NULL,'2013-05-27 22:37:42','2013-05-27 22:37:42',2),(44,'Stayin\' Fit: Spin Class (with Briant Mitchell)','Sorry for the long pre-roll, to view a trimmed version of this video see http://youtu.be/KLlWYscNJi0 Otherwise, you can skip forward to 0:20.','https://i.ytimg.com/vi/dkr7uK12UoA/default.jpg','dkr7uK12UoA',NULL,'2013-05-27 22:41:21','2013-05-27 22:41:21',2),(45,'Ann\'s Total Fitness Spinning','Spinning Class.','https://i.ytimg.com/vi/9w_t2Z0CRag/default.jpg','9w_t2Z0CRag',NULL,'2013-05-27 23:00:54','2013-05-27 23:00:54',2),(46,'SPINNING CLASES ESPAÑOL - CLASE COMPLETA Telf: 96 147 26 57','SPINNING CLASES ESPAÑOL - CLASE COMPLETA DE SPINNING EN ESPAÑOL CORTESÍA DE GRUPOCONTACT. http://www.grupocontact.es Telf: 96 147 ...','https://i.ytimg.com/vi/FQywN1x0VXs/default.jpg','FQywN1x0VXs',NULL,'2013-05-27 23:04:42','2013-05-27 23:04:42',2),(47,'Ann\'s Total Fitness Spinning','Spinning Class.','https://i.ytimg.com/vi/9w_t2Z0CRag/default.jpg','9w_t2Z0CRag',NULL,'2013-05-27 23:07:35','2013-05-27 23:07:35',2),(48,'Bye & Rønning - Spinning (musikkvideo) - Admiral P parodi','Anders Bye og Jon Niklas Rønning gir oss en parodi på Spinnvill - Admiral P sin store hit. Bye & Rønning forteller historien om den overvektige mannen som må.','https://i.ytimg.com/vi/WI4tarGJR24/default.jpg','WI4tarGJR24',NULL,'2013-05-27 23:10:11','2013-05-27 23:10:11',2),(49,'Stayin\' Fit: Spin Class (with Briant Mitchell)','Sorry for the long pre-roll, to view a trimmed version of this video see http://youtu.be/KLlWYscNJi0 Otherwise, you can skip forward to 0:20.','https://i.ytimg.com/vi/dkr7uK12UoA/default.jpg','dkr7uK12UoA',NULL,'2013-05-27 23:19:20','2013-05-27 23:19:20',2),(50,'SPINNING® AND EXTREME GYM','','https://i.ytimg.com/vi/XADw0qPVSP4/default.jpg','XADw0qPVSP4',NULL,'2013-05-27 23:20:25','2013-05-27 23:20:25',2),(51,'SPINNING® AND EXTREME GYM','','https://i.ytimg.com/vi/XADw0qPVSP4/default.jpg','XADw0qPVSP4',NULL,'2013-05-27 23:23:21','2013-05-27 23:23:21',2),(52,'SPINNING CLASES ESPAÑOL - CLASE COMPLETA Telf: 96 147 26 57','SPINNING CLASES ESPAÑOL - CLASE COMPLETA DE SPINNING EN ESPAÑOL CORTESÍA DE GRUPOCONTACT. http://www.grupocontact.es Telf: 96 147 ...','https://i.ytimg.com/vi/FQywN1x0VXs/default.jpg','FQywN1x0VXs',NULL,'2013-05-28 01:18:33','2013-05-28 01:18:33',2),(53,'indoor cycling music & training - athletic MUSIC - Scarlet ibis','http://www.athleticmusic.com It is an ideal system for fitness instructors and fitness clubs as well as individual practitioners of indoor cycling.The music ...','https://i.ytimg.com/vi/Mp9duNLcN1I/default.jpg','Mp9duNLcN1I',NULL,'2013-05-28 01:20:23','2013-05-28 01:20:23',2),(54,'Spinning Class @ Versus','Judy\'s Spin class. About 20 people spinning hard.','https://i.ytimg.com/vi/NJQkdHYkLIQ/default.jpg','NJQkdHYkLIQ',NULL,'2013-05-28 01:23:55','2013-05-28 01:23:55',2),(55,'Ann\'s Total Fitness Spinning','Spinning Class.','https://i.ytimg.com/vi/9w_t2Z0CRag/default.jpg','9w_t2Z0CRag',NULL,'2013-05-28 02:15:26','2013-05-28 02:15:26',2),(56,'indoor cycling music & training - athletic MUSIC - Scarlet ibis','http://www.athleticmusic.com It is an ideal system for fitness instructors and fitness clubs as well as individual practitioners of indoor cycling.The music ...','https://i.ytimg.com/vi/Mp9duNLcN1I/default.jpg','Mp9duNLcN1I',NULL,'2013-05-28 02:20:53','2013-05-28 02:20:53',2),(57,'indoor cycling music & training - athletic MUSIC - Scarlet ibis','http://www.athleticmusic.com It is an ideal system for fitness instructors and fitness clubs as well as individual practitioners of indoor cycling.The music ...','https://i.ytimg.com/vi/Mp9duNLcN1I/default.jpg','Mp9duNLcN1I',NULL,'2013-05-28 02:33:16','2013-05-28 02:33:16',2),(58,'SPINNING® AND EXTREME GYM','aasdfads','https://i.ytimg.com/vi/XADw0qPVSP4/default.jpg','XADw0qPVSP4',NULL,'2013-05-29 06:49:13','2013-05-29 06:49:13',2),(59,'SPINNING CLASES ESPAÑOL - CLASE COMPLETA Telf: 96 147 26 57','SPINNING CLASES ESPAÑOL - CLASE COMPLETA DE SPINNING EN ESPAÑOL CORTESÍA DE GRUPOCONTACT. http://www.grupocontact.es Telf: 96 147 ...','https://i.ytimg.com/vi/FQywN1x0VXs/default.jpg','FQywN1x0VXs',NULL,'2013-05-29 06:50:50','2013-05-29 06:50:50',2),(60,'indoor cycling music & training - athletic MUSIC - Scarlet ibis','http://www.athleticmusic.com It is an ideal system for fitness instructors and fitness clubs as well as individual practitioners of indoor cycling.The music ...','https://i.ytimg.com/vi/Mp9duNLcN1I/default.jpg','Mp9duNLcN1I',NULL,'2013-05-29 06:54:06','2013-05-29 06:54:06',2),(61,'SPINNING CLASES ESPAÑOL - CLASE COMPLETA Telf: 96 147 26 57','SPINNING CLASES ESPAÑOL - CLASE COMPLETA DE SPINNING EN ESPAÑOL CORTESÍA DE GRUPOCONTACT. http://www.grupocontact.es Telf: 96 147 ...','https://i.ytimg.com/vi/FQywN1x0VXs/default.jpg','FQywN1x0VXs',NULL,'2013-05-29 14:23:24','2013-05-29 14:23:24',2),(62,'SPINNING CLASES ESPAÑOL - CLASE COMPLETA Telf: 96 147 26 57','SPINNING CLASES ESPAÑOL - CLASE COMPLETA DE SPINNING EN ESPAÑOL CORTESÍA DE GRUPOCONTACT. http://www.grupocontact.es Telf: 96 147 ...','https://i.ytimg.com/vi/FQywN1x0VXs/default.jpg','FQywN1x0VXs',NULL,'2013-05-29 14:29:37','2013-05-29 14:29:37',2),(63,'Fitness master class: Spinning','The best indoor workout you\'re not doing? Spinning. But what if we told you it can sizzle 400 calories a session? We got answers to your burning questions fr...','https://i.ytimg.com/vi/P5OZ4XlSWoA/default.jpg','P5OZ4XlSWoA',NULL,'2013-05-29 14:31:29','2013-05-29 14:31:29',2),(64,'indoor cycling music & training - athletic MUSIC - Scarlet ibis','http://www.athleticmusic.com It is an ideal system for fitness instructors and fitness clubs as well as individual practitioners of indoor cycling.The music ...','https://i.ytimg.com/vi/Mp9duNLcN1I/default.jpg','Mp9duNLcN1I',NULL,'2013-05-29 14:36:45','2013-05-29 14:36:45',2),(65,'SPINNING CLASES ESPAÑOL - CLASE COMPLETA Telf: 96 147 26 57','SPINNING CLASES ESPAÑOL - CLASE COMPLETA DE SPINNING EN ESPAÑOL CORTESÍA DE GRUPOCONTACT. http://www.grupocontact.es Telf: 96 147 ...','https://i.ytimg.com/vi/FQywN1x0VXs/default.jpg','FQywN1x0VXs',NULL,'2013-05-29 15:42:23','2013-05-29 15:42:23',2),(66,'Fitness master class: Spinning','The best indoor workout you\'re not doing? Spinning. But what if we told you it can sizzle 400 calories a session? We got answers to your burning questions fr...','https://i.ytimg.com/vi/P5OZ4XlSWoA/default.jpg','P5OZ4XlSWoA',NULL,'2013-05-29 15:44:56','2013-05-29 15:44:56',2),(67,'SPINNING CLASES ESPAÑOL - CLASE COMPLETA Telf: 96 147 26 57','SPINNING CLASES ESPAÑOL - CLASE COMPLETA DE SPINNING EN ESPAÑOL CORTESÍA DE GRUPOCONTACT. http://www.grupocontact.es Telf: 96 147 ...','https://i.ytimg.com/vi/FQywN1x0VXs/default.jpg','FQywN1x0VXs',NULL,'2013-05-29 15:52:12','2013-05-29 15:52:12',2),(68,'Ann\'s Total Fitness Spinning','Spinning Class.','https://i.ytimg.com/vi/9w_t2Z0CRag/default.jpg','9w_t2Z0CRag',NULL,'2013-05-29 15:53:52','2013-05-29 15:53:52',2),(69,'Ann\'s Total Fitness Spinning','Spinning Class.','https://i.ytimg.com/vi/9w_t2Z0CRag/default.jpg','9w_t2Z0CRag',NULL,'2013-05-29 15:56:17','2013-05-29 15:56:17',2),(70,'Ann\'s Total Fitness Spinning','Spinning Class.','https://i.ytimg.com/vi/9w_t2Z0CRag/default.jpg','9w_t2Z0CRag',NULL,'2013-05-29 15:58:26','2013-05-29 15:58:26',2),(71,'Johnny G Live in Miami  Pt 1','The creator of the Spinning indoor cycling program, the one & only Johnny G, doing what he does best on & off the bike in Miami Beach, FL in April 2003.','https://i.ytimg.com/vi/rNaLBfKbOVI/default.jpg','rNaLBfKbOVI',NULL,'2013-05-29 15:58:47','2013-05-29 15:58:47',2),(72,'Johnny G Live in Miami  Pt 1','The creator of the Spinning indoor cycling program, the one & only Johnny G, doing what he does best on & off the bike in Miami Beach, FL in April 2003.','https://i.ytimg.com/vi/rNaLBfKbOVI/default.jpg','rNaLBfKbOVI',NULL,'2013-05-29 15:59:31','2013-05-29 15:59:31',2),(73,'Bye & Rønning - Spinning (musikkvideo) - Admiral P parodi','Anders Bye og Jon Niklas Rønning gir oss en parodi på Spinnvill - Admiral P sin store hit. Bye & Rønning forteller historien om den overvektige mannen som må.','https://i.ytimg.com/vi/WI4tarGJR24/default.jpg','WI4tarGJR24',NULL,'2013-05-29 16:03:36','2013-05-29 16:03:36',2),(74,'indoor cycling music & training - athletic MUSIC - Scarlet ibis','http://www.athleticmusic.com It is an ideal system for fitness instructors and fitness clubs as well as individual practitioners of indoor cycling.The music ...','https://i.ytimg.com/vi/Mp9duNLcN1I/default.jpg','Mp9duNLcN1I',NULL,'2013-05-29 16:06:22','2013-05-29 16:06:22',2),(75,'Ann\'s Total Fitness Spinning','Spinning Class.','https://i.ytimg.com/vi/9w_t2Z0CRag/default.jpg','9w_t2Z0CRag',NULL,'2013-05-29 16:06:39','2013-05-29 16:06:39',2),(76,'Fitness master class: Spinning','The best indoor workout you\'re not doing? Spinning. But what if we told you it can sizzle 400 calories a session? We got answers to your burning questions fr...','https://i.ytimg.com/vi/P5OZ4XlSWoA/default.jpg','P5OZ4XlSWoA',NULL,'2013-05-29 17:51:50','2013-05-29 17:51:50',2),(77,'Spinning Class @ Versus','Judy\'s Spin class. About 20 people spinning hard.','https://i.ytimg.com/vi/NJQkdHYkLIQ/default.jpg','NJQkdHYkLIQ',NULL,'2013-05-29 17:52:28','2013-05-29 17:52:28',2),(78,'indoor cycling music & training - athletic MUSIC - Scarlet ibis','http://www.athleticmusic.com It is an ideal system for fitness instructors and fitness clubs as well as individual practitioners of indoor cycling.The music ...','https://i.ytimg.com/vi/Mp9duNLcN1I/default.jpg','Mp9duNLcN1I',NULL,'2013-05-29 22:45:40','2013-05-29 22:45:40',2),(79,'Johnny G Live in Miami  Pt 1','The creator of the Spinning indoor cycling program, the one & only Johnny G, doing what he does best on & off the bike in Miami Beach, FL in April 2003.','https://i.ytimg.com/vi/rNaLBfKbOVI/default.jpg','rNaLBfKbOVI',NULL,'2013-05-29 22:50:59','2013-05-29 22:50:59',2),(80,'SPINNING® AND EXTREME GYM','','https://i.ytimg.com/vi/XADw0qPVSP4/default.jpg','XADw0qPVSP4',NULL,'2013-06-11 14:00:50','2013-06-11 14:00:50',2),(81,'SPINNING® AND EXTREME GYM','','https://i.ytimg.com/vi/XADw0qPVSP4/default.jpg','XADw0qPVSP4',NULL,'2013-06-13 13:55:08','2013-06-13 13:55:08',4),(82,'SPINNING® AND EXTREME GYM','','https://i.ytimg.com/vi/XADw0qPVSP4/default.jpg','XADw0qPVSP4',NULL,'2013-06-16 20:16:35','2013-06-16 20:16:35',2),(83,'indoor cycling music & training - athletic MUSIC - Scarlet ibis','http://www.athleticmusic.com It is an ideal system for fitness instructors and fitness clubs as well as individual practitioners of indoor cycling.The music ...','https://i.ytimg.com/vi/Mp9duNLcN1I/default.jpg','Mp9duNLcN1I',NULL,'2013-06-16 20:24:01','2013-06-16 20:24:01',2),(84,'Stayin\' Fit: Spin Class (with Briant Mitchell)','Sorry for the long pre-roll, to view a trimmed version of this video see http://youtu.be/KLlWYscNJi0 Otherwise, you can skip forward to 0:20.','https://i.ytimg.com/vi/dkr7uK12UoA/default.jpg','dkr7uK12UoA',NULL,'2013-06-16 20:39:14','2013-06-16 20:39:14',2),(85,'Ann\'s Total Fitness Spinning','Spinning Class.','https://i.ytimg.com/vi/9w_t2Z0CRag/default.jpg','9w_t2Z0CRag',NULL,'2013-06-17 05:25:02','2013-06-17 05:25:02',2),(86,'Ann\'s Total Fitness Spinning','Spinning Class.','https://i.ytimg.com/vi/9w_t2Z0CRag/default.jpg','9w_t2Z0CRag',NULL,'2013-06-17 05:27:53','2013-06-17 05:27:53',2),(87,'Stayin\' Fit: Spin Class (with Briant Mitchell)','Sorry for the long pre-roll, to view a trimmed version of this video see http://youtu.be/KLlWYscNJi0 Otherwise, you can skip forward to 0:20.','https://i.ytimg.com/vi/dkr7uK12UoA/default.jpg','dkr7uK12UoA',NULL,'2013-06-17 06:03:57','2013-06-17 06:03:57',2),(88,'SPINNING® AND EXTREME GYM','','https://i.ytimg.com/vi/XADw0qPVSP4/default.jpg','XADw0qPVSP4',NULL,'2013-06-17 06:09:56','2013-06-17 06:09:56',2),(89,'Stayin\' Fit: Spin Class (with Briant Mitchell)','Sorry for the long pre-roll, to view a trimmed version of this video see http://youtu.be/KLlWYscNJi0 Otherwise, you can skip forward to 0:20.','https://i.ytimg.com/vi/dkr7uK12UoA/default.jpg','dkr7uK12UoA',NULL,'2013-06-17 13:28:59','2013-06-17 13:28:59',2),(90,'SPINNING CLASES ESPAÑOL - CLASE COMPLETA Telf: 96 147 26 57','SPINNING CLASES ESPAÑOL - CLASE COMPLETA DE SPINNING EN ESPAÑOL CORTESÍA DE GRUPOCONTACT. http://www.grupocontact.es Telf: 96 147 ...','https://i.ytimg.com/vi/FQywN1x0VXs/default.jpg','FQywN1x0VXs',NULL,'2013-06-17 17:22:59','2013-06-17 17:22:59',2),(91,'\"It\'s Fred!\"  FRED Gets Adopted Ep.1','When Fred finds out Judy\'s parents want to adopt a kid. Fred wont stop until its him! Based on Characters Created by: Lucas Cruikshank Developed & Written by.','https://i.ytimg.com/vi/5w32AxBn5S8/default.jpg','5w32AxBn5S8',NULL,'2013-06-18 00:14:52','2013-06-18 00:14:52',2),(92,'indie stauff','http://www.athleticmusic.com It is an ideal system for fitness instructors and fitness clubs as well as individual practitioners of indoor cycling.The music ...','https://i.ytimg.com/vi/Mp9duNLcN1I/default.jpg','Mp9duNLcN1I',NULL,'2013-06-18 00:21:07','2013-06-18 00:21:07',2),(93,'SPIcam ','.com','https://i.ytimg.com/vi/XADw0qPVSP4/default.jpg','XADw0qPVSP4',NULL,'2013-06-18 01:30:51','2013-06-18 01:30:51',2),(94,'Stayin\' Fit: Spin Class (with Briant Mitchell)','Sorry for the long pre-roll, to view a trimmed version of this video see http://youtu.be/KLlWYscNJi0 Otherwise, you can skip forward to 0:20.','https://i.ytimg.com/vi/dkr7uK12UoA/default.jpg','dkr7uK12UoA',NULL,'2013-06-18 04:55:39','2013-06-18 04:55:39',2),(95,'Ann\'s Total Fitness Spinning','Spinning Class.','https://i.ytimg.com/vi/9w_t2Z0CRag/default.jpg','9w_t2Z0CRag',NULL,'2013-06-18 04:57:21','2013-06-18 04:57:21',2),(96,'Ann\'s Total Fitness Spinning','Spinning Class.','https://i.ytimg.com/vi/9w_t2Z0CRag/default.jpg','9w_t2Z0CRag',NULL,'2013-06-18 04:59:01','2013-06-18 04:59:01',2),(97,'Spinning Class @ Versus','Judy\'s Spin class. About 20 people spinning hard.','https://i.ytimg.com/vi/NJQkdHYkLIQ/default.jpg','NJQkdHYkLIQ',NULL,'2013-06-18 05:00:35','2013-06-18 05:00:35',2),(98,'How to Spin Roving into Yarn','A simple tutorial showing how you can spin wool roving or wool top into a single ply yarn. Check out the other yarn spinning and fiber arts tutorials on my c...','https://i.ytimg.com/vi/F40VJEqOn5o/default.jpg','F40VJEqOn5o',NULL,'2013-06-18 05:01:48','2013-06-18 05:01:48',2),(99,'Cómo se practica spinning y qué se logra?','Aprende los conocimientos básicos para realizar spinning con Energy y DR TV. Además, entérate de los beneficios de esta clase, muy completa y con ...','https://i.ytimg.com/vi/MvYDbrsrkfk/default.jpg','MvYDbrsrkfk',NULL,'2013-06-18 05:06:08','2013-06-18 05:06:08',2),(100,'Bye & Rønning - Spinning (musikkvideo) - Admiral P parodi','Anders Bye og Jon Niklas Rønning gir oss en parodi på Spinnvill - Admiral P sin store hit. Bye & Rønning forteller historien om den overvektige mannen som må.','https://i.ytimg.com/vi/WI4tarGJR24/default.jpg','WI4tarGJR24',NULL,'2013-06-18 05:06:35','2013-06-18 05:06:35',2),(101,'Johnny G Live in Miami  Pt 1','The creator of the Spinning indoor cycling program, the one & only Johnny G, doing what he does best on & off the bike in Miami Beach, FL in April 2003.','https://i.ytimg.com/vi/rNaLBfKbOVI/default.jpg','rNaLBfKbOVI',NULL,'2013-06-18 05:07:44','2013-06-18 05:07:44',2),(102,'Cómo se practica spinning y qué se logra?','Aprende los conocimientos básicos para realizar spinning con Energy y DR TV. Además, entérate de los beneficios de esta clase, muy completa y con ...','https://i.ytimg.com/vi/MvYDbrsrkfk/default.jpg','MvYDbrsrkfk',NULL,'2013-06-18 05:09:36','2013-06-18 05:09:36',2),(103,'How to Spin Roving into Yarn','A simple tutorial showing how you can spin wool roving or wool top into a single ply yarn. Check out the other yarn spinning and fiber arts tutorials on my c...','https://i.ytimg.com/vi/F40VJEqOn5o/default.jpg','F40VJEqOn5o',NULL,'2013-06-18 05:11:08','2013-06-18 05:11:08',2),(104,'Spinning Class @ Versus','Judy\'s Spin class. About 20 people spinning hard.','https://i.ytimg.com/vi/NJQkdHYkLIQ/default.jpg','NJQkdHYkLIQ',NULL,'2013-06-18 05:12:36','2013-06-18 05:12:36',2),(105,'Ann\'s Total Fitness Spinning','Spinning Class.','https://i.ytimg.com/vi/9w_t2Z0CRag/default.jpg','9w_t2Z0CRag',NULL,'2013-06-18 05:55:52','2013-06-18 05:55:52',2),(106,'Kylie Minogue \"Spinning Around\" music video','Clubby video featuring one of the loveliest ladies on planet earth. When I was a kid I was staying at the same hotel as her in London. She walked by and gave...','https://i.ytimg.com/vi/qaGS3Uts704/default.jpg','qaGS3Uts704',NULL,'2013-06-18 05:58:41','2013-06-18 05:58:41',2),(107,'indoor cycling music & training - athletic MUSIC - Scarlet ibis','http://www.athleticmusic.com It is an ideal system for fitness instructors and fitness clubs as well as individual practitioners of indoor cycling.The music ...','https://i.ytimg.com/vi/Mp9duNLcN1I/default.jpg','Mp9duNLcN1I',NULL,'2013-06-18 12:10:54','2013-06-18 12:10:54',2),(108,'How to Spin Roving into Yarn','A simple tutorial showing how you can spin wool roving or wool top into a single ply yarn. Check out the other yarn spinning and fiber arts tutorials on my c...','https://i.ytimg.com/vi/F40VJEqOn5o/default.jpg','F40VJEqOn5o',NULL,'2013-06-18 12:13:32','2013-06-18 12:13:32',2),(109,'SPINNING CLASES ESPAÑOL - CLASE COMPLETA Telf: 96 147 26 57','SPINNING CLASES ESPAÑOL - CLASE COMPLETA DE SPINNING EN ESPAÑOL CORTESÍA DE GRUPOCONTACT. http://www.grupocontact.es Telf: 96 147 ...','https://i.ytimg.com/vi/FQywN1x0VXs/default.jpg','FQywN1x0VXs',NULL,'2013-06-18 12:18:13','2013-06-18 12:18:13',2),(110,'Fitness master class: Spinning','The best indoor workout you\'re not doing? Spinning. But what if we told you it can sizzle 400 calories a session? We got answers to your burning questions fr...','https://i.ytimg.com/vi/P5OZ4XlSWoA/default.jpg','P5OZ4XlSWoA',NULL,'2013-06-18 12:20:15','2013-06-18 12:20:15',2),(111,'SPINNING® AND EXTREME GYM','','https://i.ytimg.com/vi/XADw0qPVSP4/default.jpg','XADw0qPVSP4',NULL,'2013-06-18 12:27:20','2013-06-18 12:27:20',2),(112,'SPINNING CLASES ESPAÑOL - CLASE COMPLETA Telf: 96 147 26 57','SPINNING CLASES ESPAÑOL - CLASE COMPLETA DE SPINNING EN ESPAÑOL CORTESÍA DE GRUPOCONTACT. http://www.grupocontact.es Telf: 96 147 ...','https://i.ytimg.com/vi/FQywN1x0VXs/default.jpg','FQywN1x0VXs',NULL,'2013-06-18 12:28:59','2013-06-18 12:28:59',2),(113,'Johnny G Live in Miami  Pt 1','The creator of the Spinning indoor cycling program, the one & only Johnny G, doing what he does best on & off the bike in Miami Beach, FL in April 2003.','https://i.ytimg.com/vi/rNaLBfKbOVI/default.jpg','rNaLBfKbOVI',NULL,'2013-06-18 12:31:05','2013-06-18 12:31:05',2),(114,'indoor cycling music & training - athletic MUSIC - Scarlet ibis','http://www.athleticmusic.com It is an ideal system for fitness instructors and fitness clubs as well as individual practitioners of indoor cycling.The music ...','https://i.ytimg.com/vi/Mp9duNLcN1I/default.jpg','Mp9duNLcN1I',NULL,'2013-06-18 12:32:23','2013-06-18 12:32:23',2),(115,'SPINNING CLASES ESPAÑOL - CLASE COMPLETA Telf: 96 147 26 57','SPINNING CLASES ESPAÑOL - CLASE COMPLETA DE SPINNING EN ESPAÑOL CORTESÍA DE GRUPOCONTACT. http://www.grupocontact.es Telf: 96 147 ...','https://i.ytimg.com/vi/FQywN1x0VXs/default.jpg','FQywN1x0VXs',NULL,'2013-06-18 12:35:01','2013-06-18 12:35:01',2),(116,'Cómo se practica spinning y qué se logra?','Aprende los conocimientos básicos para realizar spinning con Energy y DR TV. Además, entérate de los beneficios de esta clase, muy completa y con ...','https://i.ytimg.com/vi/MvYDbrsrkfk/default.jpg','MvYDbrsrkfk',NULL,'2013-06-18 12:35:27','2013-06-18 12:35:27',2),(117,'indoor cycling music & training - athletic MUSIC - Scarlet ibis','http://www.athleticmusic.com It is an ideal system for fitness instructors and fitness clubs as well as individual practitioners of indoor cycling.The music ...','https://i.ytimg.com/vi/Mp9duNLcN1I/default.jpg','Mp9duNLcN1I',NULL,'2013-06-18 12:37:59','2013-06-18 12:37:59',2),(118,'Stayin\' Fit: Spin Class (with Briant Mitchell)','Sorry for the long pre-roll, to view a trimmed version of this video see http://youtu.be/KLlWYscNJi0 Otherwise, you can skip forward to 0:20.','https://i.ytimg.com/vi/dkr7uK12UoA/default.jpg','dkr7uK12UoA',NULL,'2013-06-18 12:46:49','2013-06-18 12:46:49',2),(119,'SPINNING® AND EXTREME GYM','','https://i.ytimg.com/vi/XADw0qPVSP4/default.jpg','XADw0qPVSP4',NULL,'2013-06-18 12:48:17','2013-06-18 12:48:17',2),(120,'Stayin\' Fit: Spin Class (with Briant Mitchell)','Sorry for the long pre-roll, to view a trimmed version of this video see http://youtu.be/KLlWYscNJi0 Otherwise, you can skip forward to 0:20.','https://i.ytimg.com/vi/dkr7uK12UoA/default.jpg','dkr7uK12UoA',NULL,'2013-06-18 13:47:57','2013-06-18 13:47:57',2),(121,'Fred Goes Swimming','(1.8) Fred tries out his new pool that his mom picked up at a local dump. CHECK OUT: http://FredFigglehorn.com !! Get a Fred Party Pack at http://bit.ly/Fred...','https://i.ytimg.com/vi/nEqwKNNQBwc/default.jpg','nEqwKNNQBwc',NULL,'2013-06-19 00:24:04','2013-06-19 00:24:04',2),(122,'Fred  The Show - (Fred Gets Trapped)','enjoy it like plez and leave your comment and share this video among you friend if u like physic keep with wait for another ep ^_^ fellow us on : facebook : ...','https://i.ytimg.com/vi/K_nE5kaButQ/default.jpg','K_nE5kaButQ',NULL,'2013-06-19 00:25:52','2013-06-19 00:25:52',2),(123,'Fred Goes Swimming','(1.8) Fred tries out his new pool that his mom picked up at a local dump. CHECK OUT: http://FredFigglehorn.com !! Get a Fred Party Pack at http://bit.ly/Fred...','https://i.ytimg.com/vi/nEqwKNNQBwc/default.jpg','nEqwKNNQBwc',NULL,'2013-06-19 00:35:28','2013-06-19 00:35:28',2),(124,'Stayin\' Fit: Spin Class (with Briant Mitchell)','Sorry for the long pre-roll, to view a trimmed version of this video see http://youtu.be/KLlWYscNJi0 Otherwise, you can skip forward to 0:20.','https://i.ytimg.com/vi/dkr7uK12UoA/default.jpg','dkr7uK12UoA',NULL,'2013-06-19 00:44:51','2013-06-19 00:44:51',2),(125,'SPINNING CLASES ESPAÑOL - CLASE COMPLETA Telf: 96 147 26 57','SPINNING CLASES ESPAÑOL - CLASE COMPLETA DE SPINNING EN ESPAÑOL CORTESÍA DE GRUPOCONTACT. http://www.grupocontact.es Telf: 96 147 ...','https://i.ytimg.com/vi/FQywN1x0VXs/default.jpg','FQywN1x0VXs',NULL,'2013-06-19 00:56:41','2013-06-19 00:56:41',2),(126,'Stayin\' Fit: Spin Class (with Briant Mitchell)','Sorry for the long pre-roll, to view a trimmed version of this video see http://youtu.be/KLlWYscNJi0 Otherwise, you can skip forward to 0:20.','https://i.ytimg.com/vi/dkr7uK12UoA/default.jpg','dkr7uK12UoA',NULL,'2013-06-19 01:03:11','2013-06-19 01:03:11',2),(127,'Stayin\' Fit: Spin Class (with Briant Mitchell)','Sorry for the long pre-roll, to view a trimmed version of this video see http://youtu.be/KLlWYscNJi0 Otherwise, you can skip forward to 0:20.','https://i.ytimg.com/vi/dkr7uK12UoA/default.jpg','dkr7uK12UoA',NULL,'2013-06-19 01:04:55','2013-06-19 01:04:55',2),(128,'Stayin\' Fit: Spin Class (with Briant Mitchell)','Sorry for the long pre-roll, to view a trimmed version of this video see http://youtu.be/KLlWYscNJi0 Otherwise, you can skip forward to 0:20.','https://i.ytimg.com/vi/dkr7uK12UoA/default.jpg','dkr7uK12UoA',NULL,'2013-06-19 01:06:49','2013-06-19 01:06:49',2),(129,'How to Spin Roving into Yarn','A simple tutorial showing how you can spin wool roving or wool top into a single ply yarn. Check out the other yarn spinning and fiber arts tutorials on my c...','https://i.ytimg.com/vi/F40VJEqOn5o/default.jpg','F40VJEqOn5o',NULL,'2013-06-19 01:16:18','2013-06-19 01:16:18',2),(130,'indoor cycling music & training - athletic MUSIC - Scarlet ibis','http://www.athleticmusic.com It is an ideal system for fitness instructors and fitness clubs as well as individual practitioners of indoor cycling.The music ...','https://i.ytimg.com/vi/Mp9duNLcN1I/default.jpg','Mp9duNLcN1I',NULL,'2013-06-21 05:29:05','2013-06-21 05:29:05',2),(131,'SPINNING® AND EXTREME GYM','test','https://i.ytimg.com/vi/XADw0qPVSP4/default.jpg','XADw0qPVSP4',NULL,'2013-06-22 13:17:57','2013-06-22 13:17:57',2),(132,'SPINNING® AND EXTREME GYM','','https://i.ytimg.com/vi/XADw0qPVSP4/default.jpg','XADw0qPVSP4',NULL,'2013-06-24 23:19:39','2013-06-24 23:19:39',2),(133,'Stop this','Sorry for the long pre-roll, to view a trimmed version of this video see http://youtu.be/KLlWYscNJi0 Otherwise, you can skip forward to 0:20.','https://i.ytimg.com/vi/dkr7uK12UoA/default.jpg','dkr7uK12UoA',NULL,'2013-06-26 21:03:28','2013-06-26 21:03:28',2),(134,'Johkj','The creator of the Spinning indoor cycling program, the one & only Johnny G, doing what he does best on & off the bike in Miami Beach, FL in April 2003.','https://i.ytimg.com/vi/rNaLBfKbOVI/default.jpg','rNaLBfKbOVI',NULL,'2013-06-26 21:04:26','2013-06-26 21:04:26',2),(135,'indoor cycling music & training - athletic MUSIC - Scarlet ibis','http://www.athleticmusic.com It is an ideal system for fitness instructors and fitness clubs as well as individual practitioners of indoor cycling.The music ...','https://i.ytimg.com/vi/Mp9duNLcN1I/default.jpg','Mp9duNLcN1I',NULL,'2013-06-26 21:06:03','2013-06-26 21:06:03',2),(136,'Cómo se practica spinning y qué se logra?','Aprende los conocimientos básicos para realizar spinning con Energy y DR TV. Además, entérate de los beneficios de esta clase, muy completa y con ...','https://i.ytimg.com/vi/MvYDbrsrkfk/default.jpg','MvYDbrsrkfk',NULL,'2013-06-26 21:07:37','2013-06-26 21:07:37',2),(137,'Stayin\' Fit: Spin Class (with Briant Mitchell)','Sorry for the long pre-roll, to view a trimmed version of this video see http://youtu.be/KLlWYscNJi0 Otherwise, you can skip forward to 0:20.','https://i.ytimg.com/vi/dkr7uK12UoA/default.jpg','dkr7uK12UoA',NULL,'2013-06-27 05:29:10','2013-06-27 05:29:10',2),(138,'Fred Stays in a Fancy Hotel Room','Fred and his mom stay in a fancy hotel room to see her new boyfriend! Follow me on Twitter! http://www.twitter.com/lucascruikshank http://www.twitter.com/fre...','https://i.ytimg.com/vi/gvxZrypnW2E/default.jpg','gvxZrypnW2E',NULL,'2013-06-27 17:40:14','2013-06-27 17:40:14',2),(139,'Fred Stays in a Fancy Hotel Room','Fred and his mom stay in a fancy hotel room to see her new boyfriend! Follow me on Twitter! http://www.twitter.com/lucascruikshank http://www.twitter.com/fre...','https://i.ytimg.com/vi/gvxZrypnW2E/default.jpg','gvxZrypnW2E',NULL,'2013-06-27 17:40:21','2013-06-27 17:40:21',2),(140,'Fred and Daphne love timeline part 1/5','In this part Fred mostly clueless about Daphne\'s feelings. He spent prom with Daphne, though. Later he began to understand.','https://i.ytimg.com/vi/IIE3fG0Fsmk/default.jpg','IIE3fG0Fsmk',NULL,'2013-06-27 17:40:41','2013-06-27 17:40:41',2),(141,'Fred Goes Swimming','(1.8) Fred tries out his new pool that his mom picked up at a local dump. CHECK OUT: http://FredFigglehorn.com !! Get a Fred Party Pack at http://bit.ly/Fred...','https://i.ytimg.com/vi/nEqwKNNQBwc/default.jpg','nEqwKNNQBwc',NULL,'2013-06-27 17:42:27','2013-06-27 17:42:27',2),(142,'Fred Goes Swimming','(1.8) Fred tries out his new pool that his mom picked up at a local dump. CHECK OUT: http://FredFigglehorn.com !! Get a Fred Party Pack at http://bit.ly/Fred...','https://i.ytimg.com/vi/nEqwKNNQBwc/default.jpg','nEqwKNNQBwc',NULL,'2013-06-27 17:43:48','2013-06-27 17:43:48',2),(143,'Stayin\' Fit: Spin Class (with Briant Mitchell)','Sorry for the long pre-roll, to view a trimmed version of this video see http://youtu.be/KLlWYscNJi0 Otherwise, you can skip forward to 0:20.','https://i.ytimg.com/vi/dkr7uK12UoA/default.jpg','dkr7uK12UoA',NULL,'2013-07-01 13:05:45','2013-07-01 13:05:45',2),(144,'SPINNING CLASES ESPAÑOL - CLASE COMPLETA Telf: 96 147 26 57','SPINNING CLASES ESPAÑOL - CLASE COMPLETA DE SPINNING EN ESPAÑOL CORTESÍA DE GRUPOCONTACT. http://www.grupocontact.es Telf: 96 147 ...','https://i.ytimg.com/vi/FQywN1x0VXs/default.jpg','FQywN1x0VXs',NULL,'2013-07-01 13:09:19','2013-07-01 13:09:19',2),(145,'Stayin\' Fit: Spin Class (with Briant Mitchell)','Sorry for the long pre-roll, to view a trimmed version of this video see http://youtu.be/KLlWYscNJi0 Otherwise, you can skip forward to 0:20.','https://i.ytimg.com/vi/dkr7uK12UoA/default.jpg','dkr7uK12UoA',NULL,'2013-07-01 13:11:16','2013-07-01 13:11:16',2),(146,'Stayin\' Fit: Spin Class (with Briant Mitchell)','Sorry for the long pre-roll, to view a trimmed version of this video see http://youtu.be/KLlWYscNJi0 Otherwise, you can skip forward to 0:20.','https://i.ytimg.com/vi/dkr7uK12UoA/default.jpg','dkr7uK12UoA',NULL,'2013-07-01 13:12:14','2013-07-01 13:12:14',2),(147,'indoor cycling music & training - athletic MUSIC - Scarlet ibis','http://www.athleticmusic.com It is an ideal system for fitness instructors and fitness clubs as well as individual practitioners of indoor cycling.The music ...',NULL,NULL,NULL,'2013-07-01 13:54:18','2013-07-01 13:54:18',2),(148,'indoor cycling music & training - athletic MUSIC - Scarlet ibis','http://www.athleticmusic.com It is an ideal system for fitness instructors and fitness clubs as well as individual practitioners of indoor cycling.The music ...',NULL,NULL,NULL,'2013-07-01 13:56:19','2013-07-01 13:56:19',2),(149,'SPINNING CLASES ESPAÑOL - CLASE COMPLETA Telf: 96 147 26 57','SPINNING CLASES ESPAÑOL - CLASE COMPLETA DE SPINNING EN ESPAÑOL CORTESÍA DE GRUPOCONTACT. http://www.grupocontact.es Telf: 96 147 ...',NULL,NULL,NULL,'2013-07-01 14:00:50','2013-07-01 14:00:50',2),(150,'indoor cycling music & training - athletic MUSIC - Scarlet ibis','http://www.athleticmusic.com It is an ideal system for fitness instructors and fitness clubs as well as individual practitioners of indoor cycling.The music ...',NULL,NULL,NULL,'2013-07-01 14:02:40','2013-07-01 14:02:40',2),(151,'indoor cycling music & training - athletic MUSIC - Scarlet ibis','http://www.athleticmusic.com It is an ideal system for fitness instructors and fitness clubs as well as individual practitioners of indoor cycling.The music ...',NULL,NULL,NULL,'2013-07-01 14:04:03','2013-07-01 14:04:03',2),(152,'Ann\'s Total Fitness Spinning','Spinning Class.',NULL,NULL,NULL,'2013-07-01 14:05:23','2013-07-01 14:05:23',2),(153,'SPINNING CLASES ESPAÑOL - CLASE COMPLETA Telf: 96 147 26 57','SPINNING CLASES ESPAÑOL - CLASE COMPLETA DE SPINNING EN ESPAÑOL CORTESÍA DE GRUPOCONTACT. http://www.grupocontact.es Telf: 96 147 ...',NULL,NULL,NULL,'2013-07-01 14:46:05','2013-07-01 14:46:05',2),(154,'SPINNING CLASES ESPAÑOL - CLASE COMPLETA Telf: 96 147 26 57','SPINNING CLASES ESPAÑOL - CLASE COMPLETA DE SPINNING EN ESPAÑOL CORTESÍA DE GRUPOCONTACT. http://www.grupocontact.es Telf: 96 147 ...',NULL,NULL,NULL,'2013-07-01 14:46:46','2013-07-01 14:46:46',2),(155,'Ann\'s Total Fitness Spinning','Spinning Class.',NULL,NULL,NULL,'2013-07-01 14:47:34','2013-07-01 14:47:34',2),(156,'Ann\'s Total Fitness Spinning','Spinning Class.',NULL,NULL,NULL,'2013-07-01 14:49:28','2013-07-01 14:49:28',2),(157,'indoor cycling music & training - athletic MUSIC - Scarlet ibis','http://www.athleticmusic.com It is an ideal system for fitness instructors and fitness clubs as well as individual practitioners of indoor cycling.The music ...',NULL,NULL,NULL,'2013-07-01 14:52:35','2013-07-01 14:52:35',2),(158,'Spinning Yarn on a Drop Spindle - Tutorial','http://www.theartofmegan.com Here you\'ll see how to make yarn on a top whorl drop spindle. Megan shows starting a leader yarn, the park method, the drop ...',NULL,NULL,NULL,'2013-07-01 14:54:23','2013-07-01 14:54:23',2),(159,'Kylie Minogue \"Spinning Around\" music video','Clubby video featuring one of the loveliest ladies on planet earth. When I was a kid I was staying at the same hotel as her in London. She walked by and gave...',NULL,NULL,NULL,'2013-07-01 15:02:16','2013-07-01 15:02:16',2),(160,'Metal Spinning,','Metal Spinning of a nose cone for a wind vane. For more information see www.douglas-metals.com Douglas Metals inc MN.',NULL,NULL,NULL,'2013-07-01 15:08:43','2013-07-01 15:08:43',2),(161,'Stayin\' Fit: Spin Class (with Briant Mitchell)','Sorry for the long pre-roll, to view a trimmed version of this video see http://youtu.be/KLlWYscNJi0 Otherwise, you can skip forward to 0:20.',NULL,NULL,NULL,'2013-07-02 15:49:23','2013-07-02 15:49:23',2),(162,'SPINNING® AND EXTREME GYM','asdfasdf',NULL,NULL,NULL,'2013-07-03 00:15:33','2013-07-03 00:15:33',2),(163,'SPdfdsa','asdfadfs',NULL,NULL,NULL,'2013-07-04 14:48:39','2013-07-04 14:48:39',2),(164,'Ansfdsf','Spinning Class.',NULL,NULL,NULL,'2013-07-04 14:55:14','2013-07-04 14:55:14',2),(165,'Stayin\' Fit: Spin Class (with Briant Mitchell)','Sorry for the long pre-roll, to view a trimmed version of this video see http://youtu.be/KLlWYscNJi0 Otherwise, you can skip forward to 0:20.',NULL,NULL,NULL,'2013-07-05 03:57:14','2013-07-05 03:57:14',2),(166,'SPINNING CLASES ESPAÑOL - CLASE COMPLETA Telf: 96 147 26 57','SPINNING CLASES ESPAÑOL - CLASE COMPLETA DE SPINNING EN ESPAÑOL CORTESÍA DE GRUPOCONTACT. http://www.grupocontact.es Telf: 96 147 ...',NULL,NULL,NULL,'2013-07-05 03:58:14','2013-07-05 03:58:14',2),(167,'SPINNING CLASES ESPAÑOL - CLASE COMPLETA Telf: 96 147 26 57','SPINNING CLASES ESPAÑOL - CLASE COMPLETA DE SPINNING EN ESPAÑOL CORTESÍA DE GRUPOCONTACT. http://www.grupocontact.es Telf: 96 147 ...',NULL,NULL,NULL,'2013-07-05 04:00:34','2013-07-05 04:00:34',2),(168,'Stayin\' Fit: Spin Class (with Briant Mitchell)','Sorry for the long pre-roll, to view a trimmed version of this video see http://youtu.be/KLlWYscNJi0 Otherwise, you can skip forward to 0:20.',NULL,NULL,NULL,'2013-07-05 04:01:13','2013-07-05 04:01:13',2),(169,'indoor cycling music & training - athletic MUSIC - Scarlet ibis','http://www.athleticmusic.com It is an ideal system for fitness instructors and fitness clubs as well as individual practitioners of indoor cycling.The music ...',NULL,NULL,NULL,'2013-07-05 04:01:43','2013-07-05 04:01:43',2),(170,'Ann\'s Total Fitness Spinning','Spinning Class.',NULL,NULL,NULL,'2013-07-05 07:32:35','2013-07-05 07:32:35',2),(171,'Stayin\' Fit: Spin Class (with Briant Mitchell)','Sorry for the long pre-roll, to view a trimmed version of this video see http://youtu.be/KLlWYscNJi0 Otherwise, you can skip forward to 0:20.',NULL,NULL,NULL,'2013-07-05 07:41:22','2013-07-05 07:41:22',2),(172,'indjhkjh','http://www.athleticmusic.com It is an ideal system for fitness instructors and fitness clubs as well as individual practitioners of indoor cycling.The music ...',NULL,NULL,NULL,'2013-07-05 07:42:00','2013-07-05 07:42:00',2),(173,'Annkjk','Spinning Class.',NULL,NULL,NULL,'2013-07-05 07:42:30','2013-07-05 07:42:30',2),(174,'indoor cycling music & training - athletic MUSIC - Scarlet ibis','http://www.athleticmusic.com It is an ideal system for fitness instructors and fitness clubs as well as individual practitioners of indoor cycling.The music ...',NULL,NULL,NULL,'2013-07-05 08:20:44','2013-07-05 08:20:44',2),(175,'Stayin\' Fit: Spin Class (with Briant Mitchell)','Sorry for the long pre-roll, to view a trimmed version of this video see http://youtu.be/KLlWYscNJi0 Otherwise, you can skip forward to 0:20.',NULL,NULL,NULL,'2013-07-05 08:22:07','2013-07-05 08:22:07',2),(176,'Ann\'s Total Fitness Spinning','Spinning Class.',NULL,NULL,NULL,'2013-07-05 08:30:54','2013-07-05 08:30:54',2),(177,'Johnny G Live in Miami  Pt 1','The creator of the Spinning indoor cycling program, the one & only Johnny G, doing what he does best on & off the bike in Miami Beach, FL in April 2003.',NULL,NULL,NULL,'2013-07-05 08:33:14','2013-07-05 08:33:14',2),(178,':Fishing *Mommotti 190* Extreme Spinning - Dentice','Spinning no limits alle Canarie!! Stefano e Alessandro, Mommotti 190, un mare incredibile e un pesce da ricordare!! PLEASE, DON\'T TRY THIS AT HOME!!!',NULL,NULL,NULL,'2013-07-05 08:33:34','2013-07-05 08:33:34',2),(179,':Fishing *Mommotti 190* Extreme Spinning - Dentice','Spinning no limits alle Canarie!! Stefano e Alessandro, Mommotti 190, un mare incredibile e un pesce da ricordare!! PLEASE, DON\'T TRY THIS AT HOME!!!',NULL,NULL,NULL,'2013-07-05 08:34:00','2013-07-05 08:34:00',2),(180,'Fitness master class: Spinning','The best indoor workout you\'re not doing? Spinning. But what if we told you it can sizzle 400 calories a session? We got answers to your burning questions fr...',NULL,NULL,NULL,'2013-07-05 08:35:24','2013-07-05 08:35:24',2),(181,'SPINNING CLASES ESPAÑOL - CLASE COMPLETA Telf: 96 147 26 57','SPINNING CLASES ESPAÑOL - CLASE COMPLETA DE SPINNING EN ESPAÑOL CORTESÍA DE GRUPOCONTACT. http://www.grupocontact.es Telf: 96 147 ...',NULL,NULL,NULL,'2013-07-05 08:35:44','2013-07-05 08:35:44',2),(182,'Ann\'s Total Fitness Spinning','Spinning Class.',NULL,NULL,NULL,'2013-07-05 08:37:14','2013-07-05 08:37:14',2),(183,'indoor cycling music & training - athletic MUSIC - Scarlet ibis','http://www.athleticmusic.com It is an ideal system for fitness instructors and fitness clubs as well as individual practitioners of indoor cycling.The music ...',NULL,NULL,NULL,'2013-07-05 08:44:52','2013-07-05 08:44:52',2),(184,'indoor cycling music & training - athletic MUSIC - Scarlet ibis','http://www.athleticmusic.com It is an ideal system for fitness instructors and fitness clubs as well as individual practitioners of indoor cycling.The music ...',NULL,NULL,NULL,'2013-07-05 08:50:26','2013-07-05 08:50:26',2),(185,'SPINNING® AND EXTREME GYM','',NULL,NULL,NULL,'2013-07-05 08:51:22','2013-07-05 08:51:22',2),(186,'Stayin\' Fit: Spin Class (with Briant Mitchell)','Sorry for the long pre-roll, to view a trimmed version of this video see http://youtu.be/KLlWYscNJi0 Otherwise, you can skip forward to 0:20.',NULL,NULL,NULL,'2013-07-06 12:08:00','2013-07-06 12:08:00',2),(187,'indoor cycling music & training - athletic MUSIC - Scarlet ibis','http://www.athleticmusic.com It is an ideal system for fitness instructors and fitness clubs as well as individual practitioners of indoor cycling.The music ...',NULL,NULL,NULL,'2013-07-06 12:08:06','2013-07-06 12:08:06',2),(188,'Stayin\' Fit: Spin Class (with Briant Mitchell)','Sorry for the long pre-roll, to view a trimmed version of this video see http://youtu.be/KLlWYscNJi0 Otherwise, you can skip forward to 0:20.',NULL,NULL,NULL,'2013-07-06 12:08:43','2013-07-06 12:08:43',2),(189,'SPINNING CLASES ESPAÑOL - CLASE COMPLETA Telf: 96 147 26 57','SPINNING CLASES ESPAÑOL - CLASE COMPLETA DE SPINNING EN ESPAÑOL CORTESÍA DE GRUPOCONTACT. http://www.grupocontact.es Telf: 96 147 ...',NULL,NULL,NULL,'2013-07-06 12:10:07','2013-07-06 12:10:07',2),(190,'Stayin\' Fit: Spin Class (with Briant Mitchell)','Sorry for the long pre-roll, to view a trimmed version of this video see http://youtu.be/KLlWYscNJi0 Otherwise, you can skip forward to 0:20.',NULL,NULL,NULL,'2013-07-06 12:12:18','2013-07-06 12:12:18',2),(191,'indoor cycling music & training - athletic MUSIC - Scarlet ibis','http://www.athleticmusic.com It is an ideal system for fitness instructors and fitness clubs as well as individual practitioners of indoor cycling.The music ...',NULL,NULL,NULL,'2013-07-06 12:15:31','2013-07-06 12:15:31',2),(192,'Metal Spinning,','Metal Spinning of a nose cone for a wind vane. For more information see www.douglas-metals.com Douglas Metals inc MN.',NULL,NULL,NULL,'2013-07-06 12:16:23','2013-07-06 12:16:23',2),(193,':Fishing *Mommotti 190* Extreme Spinning - Dentice','Spinning no limits alle Canarie!! Stefano e Alessandro, Mommotti 190, un mare incredibile e un pesce da ricordare!! PLEASE, DON\'T TRY THIS AT HOME!!!',NULL,NULL,NULL,'2013-07-06 12:19:03','2013-07-06 12:19:03',2),(194,'SPINNING CLASES ESPAÑOL - CLASE COMPLETA Telf: 96 147 26 57','SPINNING CLASES ESPAÑOL - CLASE COMPLETA DE SPINNING EN ESPAÑOL CORTESÍA DE GRUPOCONTACT. http://www.grupocontact.es Telf: 96 147 ...',NULL,NULL,NULL,'2013-07-06 12:26:11','2013-07-06 12:26:11',2),(195,'Fitness master class: Spinning','The best indoor workout you\'re not doing? Spinning. But what if we told you it can sizzle 400 calories a session? We got answers to your burning questions fr...',NULL,NULL,NULL,'2013-07-06 12:26:44','2013-07-06 12:26:44',2),(196,'SPINNING CLASES ESPAÑOL - CLASE COMPLETA Telf: 96 147 26 57','SPINNING CLASES ESPAÑOL - CLASE COMPLETA DE SPINNING EN ESPAÑOL CORTESÍA DE GRUPOCONTACT. http://www.grupocontact.es Telf: 96 147 ...',NULL,NULL,NULL,'2013-07-06 16:14:46','2013-07-06 16:14:46',2),(197,'Fitness master class: Spinning','The best indoor workout you\'re not doing? Spinning. But what if we told you it can sizzle 400 calories a session? We got answers to your burning questions fr...',NULL,NULL,NULL,'2013-07-06 16:17:03','2013-07-06 16:17:03',2),(198,'Stayin\' Fit: Spin Class (with Briant Mitchell)','Sorry for the long pre-roll, to view a trimmed version of this video see http://youtu.be/KLlWYscNJi0 Otherwise, you can skip forward to 0:20.',NULL,NULL,NULL,'2013-07-07 12:40:29','2013-07-07 12:40:29',2),(199,'SPINNING® AND EXTREME GYM','',NULL,NULL,NULL,'2013-07-07 12:48:05','2013-07-07 12:48:05',2),(200,'SPINNING CLASES ESPAÑOL - CLASE COMPLETA Telf: 96 147 26 57','SPINNING CLASES ESPAÑOL - CLASE COMPLETA DE SPINNING EN ESPAÑOL CORTESÍA DE GRUPOCONTACT. http://www.grupocontact.es Telf: 96 147 ...',NULL,NULL,NULL,'2013-07-07 12:50:30','2013-07-07 12:50:30',2),(201,'Metal Spinning,','Metal Spinning of a nose cone for a wind vane. For more information see www.douglas-metals.com Douglas Metals inc MN.',NULL,NULL,NULL,'2013-07-07 12:51:06','2013-07-07 12:51:06',2),(202,':Fishing *Mommotti 190* Extreme Spinning - Dentice','Spinning no limits alle Canarie!! Stefano e Alessandro, Mommotti 190, un mare incredibile e un pesce da ricordare!! PLEASE, DON\'T TRY THIS AT HOME!!!',NULL,NULL,NULL,'2013-07-07 12:51:12','2013-07-07 12:51:12',2),(203,'Fitness master class: Spinning','The best indoor workout you\'re not doing? Spinning. But what if we told you it can sizzle 400 calories a session? We got answers to your burning questions fr...',NULL,NULL,NULL,'2013-07-07 13:18:59','2013-07-07 13:18:59',2),(204,'SPINNING CLASES ESPAÑOL - CLASE COMPLETA Telf: 96 147 26 57','SPINNING CLASES ESPAÑOL - CLASE COMPLETA DE SPINNING EN ESPAÑOL CORTESÍA DE GRUPOCONTACT. http://www.grupocontact.es Telf: 96 147 ...',NULL,NULL,NULL,'2013-07-07 13:19:46','2013-07-07 13:19:46',2),(205,'Stayin\' Fit: Spin Class (with Briant Mitchell)','Sorry for the long pre-roll, to view a trimmed version of this video see http://youtu.be/KLlWYscNJi0 Otherwise, you can skip forward to 0:20.',NULL,NULL,NULL,'2013-07-07 13:20:06','2013-07-07 13:20:06',2),(206,'SPINNING CLASES ESPAÑOL - CLASE COMPLETA Telf: 96 147 26 57','SPINNING CLASES ESPAÑOL - CLASE COMPLETA DE SPINNING EN ESPAÑOL CORTESÍA DE GRUPOCONTACT. http://www.grupocontact.es Telf: 96 147 ...',NULL,NULL,NULL,'2013-07-07 13:20:11','2013-07-07 13:20:11',2),(207,'indoor cycling music & training - athletic MUSIC - Scarlet ibis','http://www.athleticmusic.com It is an ideal system for fitness instructors and fitness clubs as well as individual practitioners of indoor cycling.The music ...',NULL,NULL,NULL,'2013-07-07 13:20:32','2013-07-07 13:20:32',2),(208,'indoor cycling music & training - athletic MUSIC - Scarlet ibis','http://www.athleticmusic.com It is an ideal system for fitness instructors and fitness clubs as well as individual practitioners of indoor cycling.The music ...',NULL,NULL,NULL,'2013-07-07 13:21:31','2013-07-07 13:21:31',2),(209,'Ann\'s Total Fitness Spinning','Spinning Class.',NULL,NULL,NULL,'2013-07-07 13:52:06','2013-07-07 13:52:06',2),(210,'Bye & Rønning - Spinning (musikkvideo) - Admiral P parodi','Anders Bye og Jon Niklas Rønning gir oss en parodi på Spinnvill - Admiral P sin store hit. Bye & Rønning forteller historien om den overvektige mannen som må.',NULL,NULL,NULL,'2013-07-07 13:52:33','2013-07-07 13:52:33',2),(211,'SPINNING CLASES ESPAÑOL - CLASE COMPLETA Telf: 96 147 26 57','SPINNING CLASES ESPAÑOL - CLASE COMPLETA DE SPINNING EN ESPAÑOL CORTESÍA DE GRUPOCONTACT. http://www.grupocontact.es Telf: 96 147 ...',NULL,NULL,NULL,'2013-07-07 14:07:24','2013-07-07 14:07:24',2),(212,'Fitness master class: Spinning','The best indoor workout you\'re not doing? Spinning. But what if we told you it can sizzle 400 calories a session? We got answers to your burning questions fr...',NULL,NULL,NULL,'2013-07-07 14:08:07','2013-07-07 14:08:07',2),(213,'Fitness master class: Spinning','The best indoor workout you\'re not doing? Spinning. But what if we told you it can sizzle 400 calories a session? We got answers to your burning questions fr...',NULL,NULL,NULL,'2013-07-07 14:08:15','2013-07-07 14:08:15',2),(214,'indoor cycling music & training - athletic MUSIC - Scarlet ibis','http://www.athleticmusic.com It is an ideal system for fitness instructors and fitness clubs as well as individual practitioners of indoor cycling.The music ...',NULL,NULL,NULL,'2013-07-07 14:08:36','2013-07-07 14:08:36',2),(215,'SPINNING® AND EXTREME GYM','lkjadskljfd',NULL,NULL,NULL,'2013-07-07 15:34:43','2013-07-07 15:34:43',2),(216,'SPINNING® AND EXTREME GYM','ljklkjjklk',NULL,NULL,NULL,'2013-07-07 15:38:07','2013-07-07 15:38:07',2),(217,'Stayin\' Fit: Spin Class (with Briant Mitchell)','Sorry for the long pre-roll, to view a trimmed version of this video see http://youtu.be/KLlWYscNJi0 Otherwise, you can skip forward to 0:20.',NULL,NULL,NULL,'2013-07-10 11:11:47','2013-07-10 11:11:47',2),(218,'Ann\'s Total Fitness Spinning','Spinning Class.',NULL,NULL,NULL,'2013-07-10 11:13:06','2013-07-10 11:13:06',2),(219,'Bye & Rønning - Spinning (musikkvideo) - Admiral P parodi','Anders Bye og Jon Niklas Rønning gir oss en parodi på Spinnvill - Admiral P sin store hit. Bye & Rønning forteller historien om den overvektige mannen som må.',NULL,NULL,NULL,'2013-07-10 11:23:45','2013-07-10 11:23:45',2),(220,'Fitness master class: Spinning','The best indoor workout you\'re not doing? Spinning. But what if we told you it can sizzle 400 calories a session? We got answers to your burning questions fr...',NULL,NULL,NULL,'2013-07-10 11:25:17','2013-07-10 11:25:17',2),(221,'Bye & Rønning - Spinning (musikkvideo) - Admiral P parodi','Anders Bye og Jon Niklas Rønning gir oss en parodi på Spinnvill - Admiral P sin store hit. Bye & Rønning forteller historien om den overvektige mannen som må.',NULL,NULL,NULL,'2013-07-10 11:27:00','2013-07-10 11:27:00',2),(222,'Spinning Class @ Versus','Judy\'s Spin class. About 20 people spinning hard.',NULL,NULL,NULL,'2013-07-10 11:27:49','2013-07-10 11:27:49',2),(223,'Ann\'s Total Fitness Spinning','Spinning Class.',NULL,NULL,NULL,'2013-07-10 11:28:48','2013-07-10 11:28:48',2),(224,'Leccia a Spinning con G.Loomis GL2 803S','G.Loomis Pro Staff Maurizio Mancuso cattura una bellissima Leccia con una GL2 803S.',NULL,NULL,NULL,'2013-07-10 11:29:12','2013-07-10 11:29:12',2),(225,'SPasdfsdf','SPINNING CLASES ESPAÑOL - CLASE COMPLETA DE SPINNING EN ESPAÑOL CORTESÍA DE GRUPOCONTACT. http://www.grupocontact.es Telf: 96 147 ...',NULL,NULL,NULL,'2013-07-10 12:10:11','2013-07-10 12:10:11',2),(226,'Johnny G Live in Miami  Pt 1','The creator of the Spinning indoor cycling program, the one & only Johnny G, doing what he does best on & off the bike in Miami Beach, FL in April 2003.',NULL,NULL,NULL,'2013-07-10 12:10:57','2013-07-10 12:10:57',2),(227,'SPINNING CLASES ESPAÑOL - CLASE COMPLETA Telf: 96 147 26 57','SPINNING CLASES ESPAÑOL - CLASE COMPLETA DE SPINNING EN ESPAÑOL CORTESÍA DE GRUPOCONTACT. http://www.grupocontact.es Telf: 96 147 ...',NULL,NULL,NULL,'2013-07-12 11:39:07','2013-07-12 11:39:07',2),(228,'SPINNING CLASES ESPAÑOL - CLASE COMPLETA Telf: 96 147 26 57','SPINNING CLASES ESPAÑOL - CLASE COMPLETA DE SPINNING EN ESPAÑOL CORTESÍA DE GRUPOCONTACT. http://www.grupocontact.es Telf: 96 147 ...',NULL,NULL,NULL,'2013-07-12 14:09:40','2013-07-12 14:09:40',2),(229,'indoor cycling music & training - athletic MUSIC - Scarlet ibis','http://www.athleticmusic.com It is an ideal system for fitness instructors and fitness clubs as well as individual practitioners of indoor cycling.The music ...',NULL,NULL,NULL,'2013-07-13 15:05:28','2013-07-13 15:05:28',2);
/*!40000 ALTER TABLE `stages` ENABLE KEYS */;
UNLOCK TABLES;

--
-- Table structure for table `tags`
--

DROP TABLE IF EXISTS `tags`;
/*!40101 SET @saved_cs_client     = @@character_set_client */;
/*!40101 SET character_set_client = utf8 */;
CREATE TABLE `tags` (
  `id` int(11) NOT NULL AUTO_INCREMENT,
  `name` varchar(255) DEFAULT NULL,
  `workout_id` int(11) DEFAULT NULL,
  `created_at` datetime DEFAULT NULL,
  `updated_at` datetime DEFAULT NULL,
  PRIMARY KEY (`id`)
) ENGINE=InnoDB DEFAULT CHARSET=latin1;
/*!40101 SET character_set_client = @saved_cs_client */;

--
-- Dumping data for table `tags`
--

LOCK TABLES `tags` WRITE;
/*!40000 ALTER TABLE `tags` DISABLE KEYS */;
/*!40000 ALTER TABLE `tags` ENABLE KEYS */;
UNLOCK TABLES;

--
-- Table structure for table `users`
--

DROP TABLE IF EXISTS `users`;
/*!40101 SET @saved_cs_client     = @@character_set_client */;
/*!40101 SET character_set_client = utf8 */;
CREATE TABLE `users` (
  `id` int(11) NOT NULL AUTO_INCREMENT,
  `provider` varchar(255) DEFAULT NULL,
  `uid` varchar(255) DEFAULT NULL,
  `name` varchar(255) DEFAULT NULL,
  `created_at` datetime DEFAULT NULL,
  `updated_at` datetime DEFAULT NULL,
  `email` varchar(255) DEFAULT NULL,
  `admin` tinyint(1) DEFAULT NULL,
  `system_user` tinyint(1) DEFAULT '0',
  PRIMARY KEY (`id`),
  KEY `index_uid_on_users` (`uid`)
) ENGINE=InnoDB AUTO_INCREMENT=18 DEFAULT CHARSET=latin1;
/*!40101 SET character_set_client = @saved_cs_client */;

--
-- Dumping data for table `users`
--

LOCK TABLES `users` WRITE;
/*!40000 ALTER TABLE `users` DISABLE KEYS */;
INSERT INTO `users` VALUES (1,'identity','12345','foo_1','2013-05-24 13:41:33','2013-05-24 13:41:33','foo_1@example.com',NULL,1),(2,'identity','1','xraiff','2013-05-26 14:43:14','2013-05-26 14:43:14','steve.raiff@gmail.com',0,0),(3,'twitter','219052957','X Raiff','2013-06-12 02:17:18','2013-06-12 02:17:18',NULL,0,0),(4,'identity','2','superdad','2013-06-13 13:39:03','2013-06-13 13:39:03','super.dad@gmail.com',0,0),(5,'identity','3','bob smith','2013-06-22 12:21:27','2013-06-22 12:21:27','fred@sljaflkjsd.com',0,0),(6,'identity','4','aklajsdflkjad','2013-07-08 14:46:05','2013-07-08 14:46:05','sldkfjalkjsdf@alksjfld.com',0,0),(7,'identity','5','stlajdfskljds','2013-07-09 01:34:42','2013-07-09 01:34:42','aldsfjlkad@alkjdfl.com',0,0),(8,'identity','6','adsjkfhasd','2013-07-09 01:40:19','2013-07-09 01:40:19','alsdjfkd@lkajsdflkd.com',0,0),(9,'identity','7','aljdjsfljdf','2013-07-09 01:42:12','2013-07-09 01:42:12','lakjsfdlkjdsf@lkajfdlkj.com',0,0),(10,'identity','8','ausdhfkhadsfk','2013-07-09 01:46:07','2013-07-09 01:46:07','alksjdfj@lakjdlfkjad.com',0,0),(11,'identity','9','sdfjhsdjlasd','2013-07-09 02:46:02','2013-07-09 02:46:02','lkalsdjlfjd@lkasjdf.com',0,0),(12,'identity','10','freddy','2013-07-09 17:22:54','2013-07-09 17:22:54','lkjasdjlkdsfjkl@alkjdsfljkd.com',0,0),(13,'identity','11','freddyt','2013-07-09 17:25:28','2013-07-09 17:25:28','kasdljkjlkds@lakjfjkld.com',0,0),(14,'identity','12','martinhalf','2013-07-09 17:30:08','2013-07-09 17:30:08','akljklfdsjlk@lakdf.com',0,0),(15,'identity','13','aksd','2013-07-09 17:32:45','2013-07-09 17:32:45','lkajsdflkj@lkjsadlkjf.com',0,0),(16,'identity','14','stsdfjkl','2013-07-10 11:47:20','2013-07-10 11:47:20','slsdkfjldkf@laksjfdlkjd.com',0,0),(17,'identity','15','slkklfaasd','2013-07-10 11:48:37','2013-07-10 11:48:37','klajsdfjlkdsf@alskdjf.com',0,0);
/*!40000 ALTER TABLE `users` ENABLE KEYS */;
UNLOCK TABLES;

--
-- Table structure for table `workout_stages`
--

DROP TABLE IF EXISTS `workout_stages`;
/*!40101 SET @saved_cs_client     = @@character_set_client */;
/*!40101 SET character_set_client = utf8 */;
CREATE TABLE `workout_stages` (
  `id` int(11) NOT NULL AUTO_INCREMENT,
  `workout_id` int(11) DEFAULT NULL,
  `stage_id` int(11) DEFAULT NULL,
  `order` int(11) DEFAULT NULL,
  `created_at` datetime NOT NULL,
  `updated_at` datetime NOT NULL,
  PRIMARY KEY (`id`),
  KEY `fk_workout_stages_stages` (`stage_id`),
  KEY `fk_workout_stages_workouts` (`workout_id`),
  CONSTRAINT `fk_workout_stages_stages` FOREIGN KEY (`stage_id`) REFERENCES `stages` (`id`),
  CONSTRAINT `fk_workout_stages_workouts` FOREIGN KEY (`workout_id`) REFERENCES `workouts` (`id`)
) ENGINE=InnoDB AUTO_INCREMENT=173 DEFAULT CHARSET=latin1;
/*!40101 SET character_set_client = @saved_cs_client */;

--
-- Dumping data for table `workout_stages`
--

LOCK TABLES `workout_stages` WRITE;
/*!40000 ALTER TABLE `workout_stages` DISABLE KEYS */;
INSERT INTO `workout_stages` VALUES (1,1,1,1,'2013-05-24 13:41:40','2013-05-24 13:41:40'),(2,1,2,2,'2013-05-24 13:41:40','2013-05-24 13:41:40'),(3,1,3,3,'2013-05-24 13:41:40','2013-05-24 13:41:40'),(4,1,4,4,'2013-05-24 13:41:40','2013-05-24 13:41:40'),(5,1,5,5,'2013-05-24 13:41:40','2013-05-24 13:41:40'),(6,1,6,6,'2013-05-24 13:41:40','2013-05-24 13:41:40'),(7,2,7,7,'2013-05-24 13:41:46','2013-05-24 13:41:46'),(8,2,8,8,'2013-05-24 13:41:46','2013-05-24 13:41:46'),(9,2,9,9,'2013-05-24 13:41:46','2013-05-24 13:41:46'),(10,2,10,10,'2013-05-24 13:41:46','2013-05-24 13:41:46'),(11,2,11,11,'2013-05-24 13:41:46','2013-05-24 13:41:46'),(12,2,12,12,'2013-05-24 13:41:46','2013-05-24 13:41:46'),(13,3,13,13,'2013-05-24 13:41:53','2013-05-24 13:41:53'),(14,3,14,14,'2013-05-24 13:41:53','2013-05-24 13:41:53'),(15,3,15,15,'2013-05-24 13:41:53','2013-05-24 13:41:53'),(16,3,16,16,'2013-05-24 13:41:53','2013-05-24 13:41:53'),(17,3,17,17,'2013-05-24 13:41:53','2013-05-24 13:41:53'),(18,3,18,18,'2013-05-24 13:41:53','2013-05-24 13:41:53'),(19,4,19,19,'2013-05-24 13:42:04','2013-05-24 13:42:04'),(20,4,20,20,'2013-05-24 13:42:04','2013-05-24 13:42:04'),(21,4,21,21,'2013-05-24 13:42:04','2013-05-24 13:42:04'),(22,4,22,22,'2013-05-24 13:42:04','2013-05-24 13:42:05'),(23,4,23,23,'2013-05-24 13:42:05','2013-05-24 13:42:05'),(24,4,24,24,'2013-05-24 13:42:05','2013-05-24 13:42:05'),(25,5,25,25,'2013-05-24 13:42:11','2013-05-24 13:42:11'),(26,5,26,26,'2013-05-24 13:42:11','2013-05-24 13:42:11'),(27,5,27,27,'2013-05-24 13:42:11','2013-05-24 13:42:11'),(28,5,28,28,'2013-05-24 13:42:11','2013-05-24 13:42:11'),(29,5,29,29,'2013-05-24 13:42:11','2013-05-24 13:42:11'),(30,5,30,30,'2013-05-24 13:42:11','2013-05-24 13:42:11'),(31,6,31,31,'2013-05-24 13:42:18','2013-05-24 13:42:18'),(32,6,32,32,'2013-05-24 13:42:18','2013-05-24 13:42:18'),(33,6,33,33,'2013-05-24 13:42:18','2013-05-24 13:42:18'),(34,6,34,34,'2013-05-24 13:42:18','2013-05-24 13:42:18'),(35,6,35,35,'2013-05-24 13:42:18','2013-05-24 13:42:18'),(36,6,36,36,'2013-05-24 13:42:18','2013-05-24 13:42:18'),(37,7,1,2,'2013-05-26 15:00:50','2013-05-26 15:00:50'),(38,7,7,3,'2013-05-29 00:55:58','2013-05-29 00:55:58'),(39,7,8,4,'2013-05-29 00:56:03','2013-05-29 00:56:03'),(40,7,7,5,'2013-05-29 05:39:29','2013-05-29 05:39:29'),(41,7,10,6,'2013-05-29 05:40:15','2013-05-29 05:40:15'),(42,7,9,7,'2013-05-29 05:40:20','2013-05-29 05:40:20'),(43,7,9,8,'2013-05-29 05:40:26','2013-05-29 05:40:26'),(44,7,76,9,'2013-05-29 17:52:20','2013-05-29 17:52:20'),(45,7,77,10,'2013-05-29 17:52:34','2013-05-29 17:52:34'),(46,7,79,11,'2013-05-29 22:51:02','2013-05-29 22:51:02'),(47,8,2,2,'2013-05-29 23:00:31','2013-05-29 23:00:31'),(48,7,2,12,'2013-06-09 22:35:12','2013-06-09 22:35:12'),(49,7,1,13,'2013-06-09 22:36:43','2013-06-09 22:36:43'),(50,8,2,3,'2013-06-09 22:36:52','2013-06-09 22:36:52'),(51,9,3,2,'2013-06-09 22:37:05','2013-06-09 22:37:05'),(52,10,1,2,'2013-06-11 14:01:25','2013-06-11 14:01:25'),(53,11,1,2,'2013-06-13 13:39:18','2013-06-13 13:39:18'),(54,12,2,2,'2013-06-13 13:39:23','2013-06-13 13:39:23'),(55,11,9,3,'2013-06-13 13:47:11','2013-06-13 13:47:11'),(56,11,7,4,'2013-06-13 15:12:04','2013-06-13 15:12:04'),(57,12,7,3,'2013-06-13 20:01:36','2013-06-13 20:01:36'),(58,12,7,4,'2013-06-13 20:03:05','2013-06-13 20:03:05'),(59,7,1,14,'2013-06-16 20:16:13','2013-06-16 20:16:13'),(60,7,82,15,'2013-06-16 20:16:55','2013-06-16 20:16:55'),(61,7,88,16,'2013-06-17 06:10:06','2013-06-17 06:10:06'),(62,21,89,2,'2013-06-17 13:29:12','2013-06-17 13:29:12'),(63,19,90,2,'2013-06-17 17:23:07','2013-06-17 17:23:07'),(64,8,7,4,'2013-06-17 17:28:46','2013-06-17 17:28:46'),(65,7,8,17,'2013-06-17 17:28:53','2013-06-17 17:28:53'),(66,7,7,18,'2013-06-17 17:30:45','2013-06-17 17:30:45'),(67,7,91,19,'2013-06-18 00:14:53','2013-06-18 00:14:53'),(68,7,92,20,'2013-06-18 00:21:08','2013-06-18 00:21:08'),(69,23,93,2,'2013-06-18 01:30:57','2013-06-18 01:30:57'),(70,7,128,21,'2013-06-19 01:07:09','2013-06-19 01:07:09'),(71,25,129,2,'2013-06-19 01:16:30','2013-06-19 01:16:30'),(72,7,130,22,'2013-06-21 05:29:07','2013-06-21 05:29:07'),(73,35,132,2,'2013-06-24 23:19:44','2013-06-24 23:19:44'),(74,7,134,23,'2013-06-26 21:04:32','2013-06-26 21:04:32'),(75,15,135,2,'2013-06-26 21:06:14','2013-06-26 21:06:14'),(76,7,136,24,'2013-06-26 21:07:43','2013-06-26 21:07:43'),(77,7,144,25,'2013-07-01 13:10:47','2013-07-01 13:10:47'),(78,16,158,2,'2013-07-01 14:54:31','2013-07-01 14:54:31'),(79,7,160,26,'2013-07-01 15:08:45','2013-07-01 15:08:45'),(80,7,161,27,'2013-07-02 15:49:26','2013-07-02 15:49:26'),(81,7,169,28,'2013-07-05 04:01:45','2013-07-05 04:01:45'),(82,15,170,3,'2013-07-05 07:32:41','2013-07-05 07:32:41'),(83,7,171,29,'2013-07-05 07:41:35','2013-07-05 07:41:35'),(84,7,172,30,'2013-07-05 07:42:05','2013-07-05 07:42:05'),(85,7,174,31,'2013-07-05 08:20:47','2013-07-05 08:20:47'),(86,7,175,32,'2013-07-05 08:22:08','2013-07-05 08:22:08'),(87,7,176,33,'2013-07-05 08:30:57','2013-07-05 08:30:57'),(88,7,177,34,'2013-07-05 08:33:16','2013-07-05 08:33:16'),(89,7,178,35,'2013-07-05 08:33:35','2013-07-05 08:33:35'),(90,7,179,36,'2013-07-05 08:34:02','2013-07-05 08:34:02'),(91,7,180,37,'2013-07-05 08:35:25','2013-07-05 08:35:25'),(92,7,181,38,'2013-07-05 08:35:46','2013-07-05 08:35:46'),(93,7,182,39,'2013-07-05 08:37:15','2013-07-05 08:37:15'),(94,7,183,40,'2013-07-05 08:44:54','2013-07-05 08:44:54'),(95,7,184,41,'2013-07-05 08:50:27','2013-07-05 08:50:27'),(96,7,185,42,'2013-07-05 08:51:24','2013-07-05 08:51:24'),(97,7,1,43,'2013-07-06 11:47:03','2013-07-06 11:47:03'),(98,108,3,2,'2013-07-06 11:47:21','2013-07-06 11:47:21'),(99,108,5,3,'2013-07-06 11:48:04','2013-07-06 11:48:04'),(100,108,23,4,'2013-07-06 11:52:42','2013-07-06 11:52:42'),(101,7,23,44,'2013-07-06 11:58:35','2013-07-06 11:58:35'),(102,7,23,45,'2013-07-06 11:59:08','2013-07-06 11:59:08'),(103,7,23,46,'2013-07-06 11:59:35','2013-07-06 11:59:35'),(104,7,20,47,'2013-07-06 12:01:44','2013-07-06 12:01:44'),(105,7,21,48,'2013-07-06 12:06:23','2013-07-06 12:06:23'),(106,7,21,49,'2013-07-06 12:06:55','2013-07-06 12:06:55'),(107,7,20,50,'2013-07-06 12:07:03','2013-07-06 12:07:03'),(108,7,186,51,'2013-07-06 12:08:02','2013-07-06 12:08:02'),(109,7,187,52,'2013-07-06 12:08:08','2013-07-06 12:08:08'),(110,7,188,53,'2013-07-06 12:08:44','2013-07-06 12:08:44'),(111,7,189,54,'2013-07-06 12:10:08','2013-07-06 12:10:08'),(112,7,190,55,'2013-07-06 12:12:19','2013-07-06 12:12:19'),(113,7,20,56,'2013-07-06 12:14:26','2013-07-06 12:14:26'),(114,7,22,57,'2013-07-06 12:14:29','2013-07-06 12:14:29'),(117,116,196,2,'2013-07-06 16:14:52','2013-07-06 16:14:52'),(118,117,197,2,'2013-07-06 16:17:13','2013-07-06 16:17:13'),(119,119,199,2,'2013-07-07 12:48:27','2013-07-07 12:48:27'),(120,7,200,58,'2013-07-07 12:50:32','2013-07-07 12:50:32'),(121,7,201,59,'2013-07-07 12:51:08','2013-07-07 12:51:08'),(122,120,202,2,'2013-07-07 12:51:21','2013-07-07 12:51:21'),(123,7,203,60,'2013-07-07 13:19:01','2013-07-07 13:19:01'),(124,122,204,2,'2013-07-07 13:19:56','2013-07-07 13:19:56'),(125,7,205,61,'2013-07-07 13:20:08','2013-07-07 13:20:08'),(126,123,206,2,'2013-07-07 13:20:15','2013-07-07 13:20:15'),(127,124,207,2,'2013-07-07 13:20:36','2013-07-07 13:20:36'),(128,125,208,2,'2013-07-07 13:21:36','2013-07-07 13:21:36'),(129,126,209,2,'2013-07-07 13:52:10','2013-07-07 13:52:10'),(130,127,210,2,'2013-07-07 13:52:38','2013-07-07 13:52:38'),(131,7,211,62,'2013-07-07 14:07:26','2013-07-07 14:07:26'),(132,7,212,63,'2013-07-07 14:08:09','2013-07-07 14:08:09'),(133,128,213,2,'2013-07-07 14:08:20','2013-07-07 14:08:20'),(134,129,214,2,'2013-07-07 14:08:40','2013-07-07 14:08:40'),(135,7,215,64,'2013-07-07 15:34:44','2013-07-07 15:34:44'),(136,7,216,65,'2013-07-07 15:38:13','2013-07-07 15:38:13'),(137,7,223,66,'2013-07-10 11:28:53','2013-07-10 11:28:53'),(138,7,224,67,'2013-07-10 11:29:20','2013-07-10 11:29:20'),(139,7,225,68,'2013-07-10 12:10:13','2013-07-10 12:10:13'),(140,135,226,2,'2013-07-10 12:11:03','2013-07-10 12:11:03'),(141,7,10,69,'2013-07-12 10:17:23','2013-07-12 10:17:23'),(142,129,11,3,'2013-07-12 10:39:16','2013-07-12 10:39:16'),(143,7,11,70,'2013-07-12 10:39:38','2013-07-12 10:39:38'),(144,7,12,71,'2013-07-12 10:47:36','2013-07-12 10:47:36'),(145,7,8,72,'2013-07-12 11:22:27','2013-07-12 11:22:27'),(146,7,8,73,'2013-07-12 11:23:46','2013-07-12 11:23:46'),(147,7,8,74,'2013-07-12 11:26:04','2013-07-12 11:26:04'),(148,7,8,75,'2013-07-12 11:26:30','2013-07-12 11:26:30'),(149,7,10,76,'2013-07-12 11:27:10','2013-07-12 11:27:10'),(150,7,10,77,'2013-07-12 11:36:12','2013-07-12 11:36:12'),(151,7,227,78,'2013-07-12 11:39:08','2013-07-12 11:39:08'),(152,7,8,79,'2013-07-12 14:01:56','2013-07-12 14:01:56'),(153,7,9,80,'2013-07-12 14:02:00','2013-07-12 14:02:00'),(154,7,9,81,'2013-07-12 14:02:47','2013-07-12 14:02:47'),(155,7,10,82,'2013-07-12 14:02:50','2013-07-12 14:02:50'),(156,7,10,83,'2013-07-12 14:02:53','2013-07-12 14:02:53'),(157,7,8,84,'2013-07-12 14:04:08','2013-07-12 14:04:08'),(158,7,10,85,'2013-07-12 14:04:11','2013-07-12 14:04:11'),(159,7,9,86,'2013-07-12 14:04:13','2013-07-12 14:04:13'),(160,7,9,87,'2013-07-12 14:04:29','2013-07-12 14:04:29'),(161,7,228,88,'2013-07-12 14:09:51','2013-07-12 14:09:51'),(162,7,3,89,'2013-07-12 14:12:51','2013-07-12 14:12:51'),(163,7,4,90,'2013-07-12 14:13:06','2013-07-12 14:13:06'),(164,112,2,2,'2013-07-12 19:02:47','2013-07-12 19:02:47'),(165,7,229,91,'2013-07-13 15:05:29','2013-07-13 15:05:29'),(166,7,1,92,'2013-07-26 18:21:07','2013-07-26 18:21:07'),(167,7,1,93,'2013-07-26 18:21:14','2013-07-26 18:21:14'),(168,7,2,94,'2013-07-26 18:21:23','2013-07-26 18:21:23'),(169,7,5,95,'2013-07-26 18:21:36','2013-07-26 18:21:36'),(170,7,6,96,'2013-07-26 18:21:39','2013-07-26 18:21:39'),(171,7,2,97,'2013-07-26 18:21:58','2013-07-26 18:21:58'),(172,7,1,98,'2013-07-26 18:27:47','2013-07-26 18:27:47');
/*!40000 ALTER TABLE `workout_stages` ENABLE KEYS */;
UNLOCK TABLES;

--
-- Table structure for table `workouts`
--

DROP TABLE IF EXISTS `workouts`;
/*!40101 SET @saved_cs_client     = @@character_set_client */;
/*!40101 SET character_set_client = utf8 */;
CREATE TABLE `workouts` (
  `id` int(11) NOT NULL AUTO_INCREMENT,
  `title` varchar(255) DEFAULT NULL,
  `description` varchar(255) DEFAULT NULL,
  `couch_id` varchar(255) DEFAULT NULL,
  `user_id` int(11) DEFAULT NULL,
  `duration_sec` int(11) DEFAULT NULL,
  `created_at` datetime NOT NULL,
  `updated_at` datetime NOT NULL,
  PRIMARY KEY (`id`),
  KEY `fk_workouts_users` (`user_id`),
  KEY `index_workouts_on_user_id` (`user_id`)
) ENGINE=InnoDB AUTO_INCREMENT=137 DEFAULT CHARSET=latin1;
/*!40101 SET character_set_client = @saved_cs_client */;

--
-- Dumping data for table `workouts`
--

LOCK TABLES `workouts` WRITE;
/*!40000 ALTER TABLE `workouts` DISABLE KEYS */;
INSERT INTO `workouts` VALUES (1,'Workout 1','Workout Description 1',NULL,1,270,'2013-05-24 13:41:33','2013-05-24 13:42:18'),(2,'Workout 2','Workout Description 2',NULL,1,270,'2013-05-24 13:41:40','2013-05-24 13:42:18'),(3,'Workout 3','Workout Description 3',NULL,1,270,'2013-05-24 13:41:46','2013-05-24 13:42:18'),(4,'Workout 4','Workout Description 4',NULL,1,270,'2013-05-24 13:41:53','2013-05-24 13:42:18'),(5,'Workout 5','Workout Description 5',NULL,1,270,'2013-05-24 13:42:05','2013-05-24 13:42:18'),(6,'Workout 6','Workout Description 6',NULL,1,270,'2013-05-24 13:42:11','2013-05-24 13:42:18'),(7,'xraiff\'s Workout',NULL,NULL,2,NULL,'2013-05-26 15:00:50','2013-05-26 15:00:50'),(8,'My Second Workout',NULL,NULL,2,NULL,'2013-05-29 23:00:31','2013-05-29 23:00:31'),(9,'Fred\'s Workout',NULL,NULL,2,NULL,'2013-06-09 22:37:05','2013-06-09 22:37:05'),(10,'xraiff\'s Workout6',NULL,NULL,2,NULL,'2013-06-11 14:01:25','2013-06-11 14:01:25'),(11,'superdad\'s Workout',NULL,NULL,4,NULL,'2013-06-13 13:39:18','2013-06-13 13:39:18'),(12,'My second Workout','',NULL,4,NULL,'2013-06-13 13:39:23','2013-06-13 15:26:10'),(13,'New workout','Here\'s my new workout\r\n',NULL,2,NULL,'2013-06-16 15:06:28','2013-06-16 15:06:28'),(14,'New workotu','hwere we go!!!\r\n',NULL,2,NULL,'2013-06-16 15:07:43','2013-06-16 15:07:43'),(15,'freddy','lkdjasf alkjfd als;kjfa alksdjf\r\n',NULL,2,NULL,'2013-06-16 19:39:34','2013-06-16 19:39:34'),(16,'freddy krueger','howdy do',NULL,2,NULL,'2013-06-16 20:13:56','2013-06-16 20:13:56'),(17,'asldjfj lakjsdflkjas','lkjasfdl;jkasf dlakjsdflkasf',NULL,2,NULL,'2013-06-16 20:30:27','2013-06-16 20:30:27'),(18,'asdfasfd alskjdfl alksdjf','alkjsdfljkasdf',NULL,2,NULL,'2013-06-16 20:31:09','2013-06-16 20:31:09'),(19,'farty fart fart','lkasdfj a;lkjsdf al;sdjkf',NULL,2,NULL,'2013-06-16 20:32:08','2013-06-16 20:32:08'),(20,'mathod madn','lkjjlasdf\r\n',NULL,2,NULL,'2013-06-16 20:33:40','2013-06-16 20:33:40'),(21,'jalsdf  alsdkjf aksdlfj','lafksjfdlkjsdf\r\n',NULL,2,NULL,'2013-06-16 20:34:16','2013-06-16 20:34:16'),(22,'now is the time','to really go fast!!!!',NULL,2,NULL,'2013-06-17 14:15:05','2013-06-17 14:15:05'),(23,'Here is the now','When is the new why?',NULL,2,NULL,'2013-06-17 14:18:23','2013-06-17 14:18:23'),(24,'Howdy doody','was here',NULL,2,NULL,'2013-06-19 01:09:50','2013-06-19 01:09:50'),(25,'howard hughes ','was here\r\n',NULL,2,NULL,'2013-06-19 01:12:29','2013-06-19 01:12:29'),(26,'asdfasdf asjdfla alfjsdl','klajsdf;lajs dfl;akdjsflkasdf',NULL,2,NULL,'2013-06-19 01:14:17','2013-06-19 01:14:17'),(27,'martin grooves','us crazy',NULL,2,NULL,'2013-06-19 01:15:41','2013-06-19 01:15:41'),(28,'Robert\'s workout','Hey there',NULL,2,NULL,'2013-06-21 05:28:30','2013-06-21 05:28:30'),(29,'freddy','was here\r\n',NULL,2,NULL,'2013-06-22 12:09:01','2013-06-22 12:09:01'),(30,'aklsjda sd','lakjsdljkfdas',NULL,2,NULL,'2013-06-22 13:04:05','2013-06-22 13:04:05'),(31,'asdfasdf','afsdfs',NULL,2,NULL,'2013-06-22 13:22:16','2013-06-22 13:22:16'),(32,'freddy k','was here\r\n',NULL,2,NULL,'2013-06-24 05:25:56','2013-06-24 05:25:56'),(33,'martin s','howdy do',NULL,2,NULL,'2013-06-24 05:26:29','2013-06-24 05:26:29'),(34,'umbro j','lasdjkd',NULL,2,NULL,'2013-06-24 05:30:31','2013-06-24 05:30:31'),(35,'martin','short was here',NULL,2,NULL,'2013-06-24 23:01:41','2013-06-24 23:01:41'),(36,'testing 1..2..3','here we go!',NULL,2,NULL,'2013-06-26 13:46:45','2013-06-26 13:46:45'),(37,'tst 12341324','lkjas;dlfjkadsf',NULL,2,NULL,'2013-06-26 13:47:09','2013-06-26 13:47:09'),(38,'dfdfd','asdfafds',NULL,2,NULL,'2013-06-26 21:10:16','2013-06-26 21:10:16'),(39,'fredasf','asdfa',NULL,2,NULL,'2013-06-26 21:15:05','2013-06-26 21:15:05'),(40,'freddy','jalksjdflakjsdf',NULL,2,NULL,'2013-06-26 21:29:22','2013-06-26 21:29:22'),(41,'asdfa sdfasdf','asdfafds',NULL,2,NULL,'2013-06-27 06:23:15','2013-06-27 06:23:15'),(42,'adsf asdfadsf','asdfafdsa',NULL,2,NULL,'2013-06-27 06:25:02','2013-06-27 06:25:02'),(43,'a sdf asdfasdf','asdfads',NULL,2,NULL,'2013-06-27 06:25:44','2013-06-27 06:25:44'),(44,'ajklsdf alksjdf','la;djsfjl',NULL,2,NULL,'2013-06-27 06:27:56','2013-06-27 06:27:56'),(45,'ajklsdf alksjdf','la;djsfjl',NULL,2,NULL,'2013-06-27 06:27:59','2013-06-27 06:27:59'),(46,'lkajsdflk askldjf','alkjsdfl;jkadsf',NULL,2,NULL,'2013-06-27 06:28:36','2013-06-27 06:28:36'),(47,'lkajsdflk askldjf','alkjsdfl;jkadsf',NULL,2,NULL,'2013-06-27 06:28:40','2013-06-27 06:28:40'),(48,'adsfads aksdljfalsdk ','asjdflajds;f',NULL,2,NULL,'2013-06-27 06:30:36','2013-06-27 06:30:36'),(49,'fadsfkj asdlkfjad','lkajfsdlj;djls',NULL,2,NULL,'2013-06-27 06:37:13','2013-06-27 06:37:13'),(50,'lk;adjsf lkasjdf','kljafsld;kjfdasl',NULL,2,NULL,'2013-06-27 06:37:35','2013-06-27 06:37:35'),(51,'lj; kljfsda asdlkfj','alksdfjlaksdf',NULL,2,NULL,'2013-06-27 06:41:22','2013-06-27 06:41:22'),(52,'freddy was here','oh yeah',NULL,2,NULL,'2013-06-27 06:48:04','2013-06-27 06:48:04'),(53,'asldjfl alskjdf','lkajsdf',NULL,2,NULL,'2013-06-27 06:49:14','2013-06-27 06:49:14'),(54,'aslkdfj ','ja;lskd',NULL,2,NULL,'2013-06-27 06:51:27','2013-06-27 06:51:27'),(55,'akldsj alkjsdf ;lad','lkjasdfl;jkasd',NULL,2,NULL,'2013-06-27 06:52:25','2013-06-27 06:52:25'),(56,'klasdjf asdlk;fj a','l;kjafds',NULL,2,NULL,'2013-06-27 06:54:02','2013-06-27 06:54:02'),(57,'freddy 1','hey there',NULL,2,NULL,'2013-06-27 13:52:22','2013-06-27 13:52:22'),(58,'justin k','aklsjdfljkasdf',NULL,2,NULL,'2013-06-27 13:52:52','2013-06-27 13:52:52'),(59,'justijlajsd ','aksljdfalkjdf',NULL,2,NULL,'2013-06-27 13:54:25','2013-06-27 13:54:25'),(60,'jhglkh;y h ;jkh','jhglgj',NULL,2,NULL,'2013-06-27 14:11:18','2013-06-27 14:11:18'),(61,'jhgl ghjkg jk','jgkh',NULL,2,NULL,'2013-06-27 14:13:35','2013-06-27 14:13:35'),(62,'jhgl ghjkg jk','jgkh',NULL,2,NULL,'2013-06-27 14:13:44','2013-06-27 14:13:44'),(63,'sadf asdkl','lkajfsdlkjfads',NULL,2,NULL,'2013-06-27 14:17:10','2013-06-27 14:17:10'),(64,'laisdfj lkajsdf l;','lkajsdflkj',NULL,2,NULL,'2013-06-27 14:35:37','2013-06-27 14:35:37'),(65,'klajsdf askldjflk','lakjsdflk;ajsdf',NULL,2,NULL,'2013-06-27 14:36:08','2013-06-27 14:36:08'),(66,'a;sdhf akljsdf l',';lkjadsfl;kjdsaf',NULL,2,NULL,'2013-06-27 14:37:09','2013-06-27 14:37:09'),(67,'klasjdf a;lkdfjs','kl;ajsdflk',NULL,2,NULL,'2013-06-27 14:37:54','2013-06-27 14:37:54'),(68,'ljaksdf alksdjf','l;kajsdf;ljkds',NULL,2,NULL,'2013-06-27 14:40:44','2013-06-27 14:40:44'),(69,'asldfj a;lkdjsfl;kj','lkjafdsl;fads',NULL,2,NULL,'2013-06-27 15:42:51','2013-06-27 15:42:51'),(70,'alksdjf al;ksdfj','lkajsdf;lk',NULL,2,NULL,'2013-06-27 15:53:00','2013-06-27 15:53:00'),(71,'aksdjf ;alkdjsf','lkjasfdl;',NULL,2,NULL,'2013-06-27 15:53:47','2013-06-27 15:53:47'),(72,'ksdfj aslk;dfj','lkajsfdl;jkasdf',NULL,2,NULL,'2013-06-27 16:21:15','2013-06-27 16:21:15'),(73,'sdkjaf lkajsdf','lkjas;ldfjds',NULL,2,NULL,'2013-06-27 16:37:09','2013-06-27 16:37:09'),(74,'asdf asdfjkl','lkjasdflk',NULL,2,NULL,'2013-06-27 16:37:34','2013-06-27 16:37:34'),(75,'kadsfj asdlkjf','lakjsdf',NULL,2,NULL,'2013-06-27 16:38:42','2013-06-27 16:38:42'),(76,'harvey mudd','was here',NULL,2,NULL,'2013-06-29 05:33:36','2013-06-29 05:33:36'),(77,'frewlk aklsjdf al','laksjdflkajsdf',NULL,2,NULL,'2013-06-29 13:28:55','2013-06-29 13:28:55'),(78,'forty second','martin',NULL,2,NULL,'2013-06-29 21:22:16','2013-06-29 21:22:16'),(79,'look for it','freddy krueger',NULL,2,NULL,'2013-06-29 21:38:33','2013-06-29 21:38:33'),(80,'jkh;k kj;lj ;lkj l;','lkh;ihj;l',NULL,2,NULL,'2013-06-29 21:40:36','2013-06-29 21:40:36'),(81,'jhjhjkh','fgljygl',NULL,2,NULL,'2013-06-30 20:28:49','2013-06-30 20:28:49'),(82,'freddy was here','really?',NULL,2,NULL,'2013-06-30 20:34:45','2013-06-30 20:34:45'),(83,'martin short','is funny',NULL,2,NULL,'2013-06-30 20:40:33','2013-06-30 20:40:33'),(84,'freddy','alksjdfad',NULL,2,NULL,'2013-07-02 14:47:24','2013-07-02 14:47:24'),(85,'asdfadsf','asdfadsf',NULL,2,NULL,'2013-07-02 14:55:08','2013-07-02 14:55:08'),(86,'stalijsdfl;j ;lkjasd fl;jk',';aoijlsdfl;ajkdsf',NULL,2,NULL,'2013-07-02 15:15:38','2013-07-02 15:15:38'),(87,'asdfjk kljasd ;flkjdkls ;','alsdkjflkadsf',NULL,2,NULL,'2013-07-02 15:16:45','2013-07-02 15:16:45'),(88,'jklasdf klasjdf;lk adsfjkl','asdlfkjasd',NULL,2,NULL,'2013-07-02 15:17:38','2013-07-02 15:17:38'),(89,'asdfjk ;lajkdsf ','',NULL,2,NULL,'2013-07-02 15:27:36','2013-07-02 15:27:36'),(90,'asdfjk ;lajkdsf ','asdfjk',NULL,2,NULL,'2013-07-02 15:27:36','2013-07-02 15:27:36'),(91,'asdfjk ;lajkdsf ','asdfjk',NULL,2,NULL,'2013-07-02 15:27:37','2013-07-02 15:27:37'),(92,'saldkj jklasd;ljklk;djs','la;ksjdf',NULL,2,NULL,'2013-07-02 15:28:11','2013-07-02 15:28:11'),(93,'askdfjl laksjdfkl;','alskjdfl;ajkd',NULL,2,NULL,'2013-07-02 15:37:23','2013-07-02 15:37:23'),(94,'asdkfjl ','kljads;lkf',NULL,2,NULL,'2013-07-02 15:39:39','2013-07-02 15:39:39'),(95,'asdkljf a;dsljk ;lkaj','alkdjsf',NULL,2,NULL,'2013-07-02 15:39:43','2013-07-02 15:39:43'),(96,'asdlkjf ','lkjads;lf',NULL,2,NULL,'2013-07-02 15:40:05','2013-07-02 15:40:05'),(97,'asdklfj ;lkj','',NULL,2,NULL,'2013-07-02 15:40:08','2013-07-02 15:40:08'),(98,'sdfkaljdf','alkdjslkfd',NULL,2,NULL,'2013-07-02 15:40:14','2013-07-02 15:40:14'),(99,'adsfadsf','klajsdf;lksd',NULL,2,NULL,'2013-07-02 18:19:10','2013-07-02 18:19:10'),(100,'asdfdsf9ipeo','alksdjflkdj',NULL,2,NULL,'2013-07-02 18:19:16','2013-07-02 18:19:16'),(101,'adskfjh','jas;lkdfj',NULL,2,NULL,'2013-07-03 00:13:49','2013-07-03 00:13:49'),(102,'asdfasd','asdfasdf',NULL,2,NULL,'2013-07-03 00:15:39','2013-07-03 00:15:39'),(103,'afsdj','lkjasdfljkdsfdsf',NULL,2,NULL,'2013-07-03 00:17:51','2013-07-03 00:17:51'),(104,'dfsdffd','lkajsdf',NULL,2,NULL,'2013-07-03 00:29:48','2013-07-03 00:29:48'),(105,'dsfdf','jasdlkf',NULL,2,NULL,'2013-07-03 00:30:16','2013-07-03 00:30:16'),(106,'dfdsfds','asdf',NULL,2,NULL,'2013-07-04 14:21:31','2013-07-04 14:21:31'),(107,'asdfljl','lakjsdfljkad',NULL,2,NULL,'2013-07-04 15:08:59','2013-07-04 15:08:59'),(108,'sadfdd','asdf',NULL,2,NULL,'2013-07-05 07:34:36','2013-07-05 07:34:36'),(109,'frealkjdfljads','lkjasdfl;kjadslf',NULL,2,NULL,'2013-07-06 12:15:37','2013-07-06 12:15:37'),(110,'lkj;lkjjkdsa','lkjas;dlfj',NULL,2,NULL,'2013-07-06 12:16:27','2013-07-06 12:16:27'),(111,'ljhkjhjh','jhlkkh',NULL,2,NULL,'2013-07-06 12:19:25','2013-07-06 12:19:25'),(112,'asdffasd','kljasdflkjasdf',NULL,2,NULL,'2013-07-06 12:26:24','2013-07-06 12:26:24'),(114,'adsfads','asdfads',NULL,2,NULL,'2013-07-06 12:26:48','2013-07-06 12:26:48'),(116,'asdfds','asdfadfs',NULL,2,NULL,'2013-07-06 16:14:52','2013-07-06 16:14:52'),(117,'ferdious marcus','lkajsdfljsd',NULL,2,NULL,'2013-07-06 16:17:13','2013-07-06 16:17:13'),(118,'marklsdjfa','kasljdf;ds',NULL,2,NULL,'2013-07-06 16:18:12','2013-07-06 16:18:12'),(119,'asdfds','asdfadsffds',NULL,2,NULL,'2013-07-07 12:48:27','2013-07-07 12:48:27'),(120,'jhgjgghj','kjhkjh',NULL,2,NULL,'2013-07-07 12:51:21','2013-07-07 12:51:21'),(121,'aklsdjfa alskjd','alsdkfjaljdksf',NULL,2,NULL,'2013-07-07 13:18:32','2013-07-07 13:18:32'),(122,'asdfadsf','asdfadsf',NULL,2,NULL,'2013-07-07 13:19:56','2013-07-07 13:19:56'),(123,'adsfadsf','asdfadfs',NULL,2,NULL,'2013-07-07 13:20:15','2013-07-07 13:20:15'),(124,'asdfadsf','asdfadsf',NULL,2,NULL,'2013-07-07 13:20:36','2013-07-07 13:20:36'),(125,'dsaasdljk','aksdjladsf',NULL,2,NULL,'2013-07-07 13:21:36','2013-07-07 13:21:36'),(126,'jialkajsdfljk','lkjasdfljkfds',NULL,2,NULL,'2013-07-07 13:52:10','2013-07-07 13:52:10'),(127,'sadjlkadfslk','lkjasdljkfd',NULL,2,NULL,'2013-07-07 13:52:38','2013-07-07 13:52:38'),(128,'asdfdas','asdfasdf',NULL,2,NULL,'2013-07-07 14:08:20','2013-07-07 14:08:20'),(129,'fasdf','asdfadsf',NULL,2,NULL,'2013-07-07 14:08:40','2013-07-07 14:08:40'),(130,'alksdjfkjld','alksdjflkjdflsjf',NULL,2,NULL,'2013-07-10 11:03:52','2013-07-10 11:03:52'),(131,'adsfdfsaf','alksjfdljdjf',NULL,2,NULL,'2013-07-10 11:10:57','2013-07-10 11:10:57'),(132,'sddsfdf','kasdfkdslfjk',NULL,2,NULL,'2013-07-10 11:11:12','2013-07-10 11:11:12'),(133,'dsfdffd','kljasdfkjds',NULL,2,NULL,'2013-07-10 12:08:03','2013-07-10 12:08:03'),(134,'jhhkhku','khhkjhjk',NULL,2,NULL,'2013-07-10 12:08:17','2013-07-10 12:08:17'),(135,'freddy k','lkadsjffd',NULL,2,NULL,'2013-07-10 12:11:03','2013-07-10 12:11:03'),(136,'freddy mae','howdy doody',NULL,2,NULL,'2013-07-17 16:20:28','2013-07-17 16:20:28');
/*!40000 ALTER TABLE `workouts` ENABLE KEYS */;
UNLOCK TABLES;
/*!40103 SET TIME_ZONE=@OLD_TIME_ZONE */;

/*!40101 SET SQL_MODE=@OLD_SQL_MODE */;
/*!40014 SET FOREIGN_KEY_CHECKS=@OLD_FOREIGN_KEY_CHECKS */;
/*!40014 SET UNIQUE_CHECKS=@OLD_UNIQUE_CHECKS */;
/*!40101 SET CHARACTER_SET_CLIENT=@OLD_CHARACTER_SET_CLIENT */;
/*!40101 SET CHARACTER_SET_RESULTS=@OLD_CHARACTER_SET_RESULTS */;
/*!40101 SET COLLATION_CONNECTION=@OLD_COLLATION_CONNECTION */;
/*!40111 SET SQL_NOTES=@OLD_SQL_NOTES */;

-- Dump completed on 2013-07-26 14:20:05
